-- phpMyAdmin SQL Dump
-- version 5.2.1
-- https://www.phpmyadmin.net/
--
-- Host: 127.0.0.1
-- Generation Time: Mar 21, 2025 at 04:03 AM
-- Server version: 10.4.32-MariaDB
-- PHP Version: 8.2.12

SET SQL_MODE = "NO_AUTO_VALUE_ON_ZERO";
START TRANSACTION;
SET time_zone = "+00:00";


/*!40101 SET @OLD_CHARACTER_SET_CLIENT=@@CHARACTER_SET_CLIENT */;
/*!40101 SET @OLD_CHARACTER_SET_RESULTS=@@CHARACTER_SET_RESULTS */;
/*!40101 SET @OLD_COLLATION_CONNECTION=@@COLLATION_CONNECTION */;
/*!40101 SET NAMES utf8mb4 */;

--
-- Database: `db_wellbeing`
--

-- --------------------------------------------------------

--
-- Table structure for table `acc_user`
--

CREATE TABLE `acc_user` (
  `id` int(11) NOT NULL,
  `email` varchar(255) NOT NULL,
  `name` varchar(255) DEFAULT NULL,
  `id_student` varchar(255) DEFAULT NULL,
  `birthday` date DEFAULT NULL,
  `gender` enum('ชาย','หญิง','LGBTQIAN+') DEFAULT NULL,
  `faculty` varchar(255) DEFAULT NULL,
  `phone` varchar(255) DEFAULT NULL,
  `createdAt` datetime NOT NULL,
  `updatedAt` datetime NOT NULL
) ENGINE=InnoDB DEFAULT CHARSET=utf8mb4 COLLATE=utf8mb4_general_ci;

--
-- Dumping data for table `acc_user`
--

INSERT INTO `acc_user` (`id`, `email`, `name`, `id_student`, `birthday`, `gender`, `faculty`, `phone`, `createdAt`, `updatedAt`) VALUES
(21, 'pv.pta818@gmail.com', 'pta', '12345678', '2025-01-08', 'หญิง', 'คณะพยาบาลศาสตร์', '0982672', '2025-01-13 09:16:02', '2025-01-13 09:16:27'),
(22, 'pantiraploy818@gmail.com', 'Ploylyyyy', '116530462026-3', '2002-02-12', 'หญิง', 'คณะวิศวกรรมศาสตร์', '0918751987', '2025-01-13 14:31:15', '2025-02-16 10:21:50'),
(27, '1165304620313@mail.rmutt.ac.th', 'อุดมศักดิ์ วัชระวรากรณ์', '1165304620313', '2001-09-09', 'ชาย', 'คณะวิทยาศาสตร์และเทคโนโลยี', '0653675098', '2025-02-15 06:29:44', '2025-02-15 06:51:04'),
(28, '1165304620263@mail.rmutt.ac.th', 'ภัณฑิรา ร่มเพชร', '1165304620263', '2002-02-12', 'หญิง', 'คณะวิศวกรรมศาสตร์', '0918751987', '2025-02-15 06:51:53', '2025-03-10 20:04:50'),
(30, '1165304620016@mail.rmutt.ac.th', 'มนธิดา ปานแดง', '1165304620016', '2002-03-02', 'หญิง', 'คณะวิศวกรรมศาสตร์', '0955099724', '2025-02-18 04:32:36', '2025-02-18 04:34:07'),
(31, '1165304620388@mail.rmutt.ac.th', 'ไตรภพ ประสงค์ไทย', '1165304620388', '2006-12-15', 'ชาย', 'คณะวิศวกรรมศาสตร์', '0934758362', '2025-02-18 04:41:57', '2025-02-18 04:42:13'),
(32, 'varunee_m@rmutt.ac.th', 'วารุณี มีมุ่งบุญ', 'varunee_m', '1975-07-06', 'หญิง', 'กองพัฒนานักศึกษา', '0804561025', '2025-02-27 04:10:00', '2025-02-27 04:11:43'),
(33, 'test', 'test', '1111', '2015-03-13', 'LGBTQIAN+', 'test', '0000', '2024-03-06 13:44:54', '2025-03-08 07:44:53'),
(34, '1165304620172@mail.rmutt.ac.th', 'คนสวน', '1165304620172', '2010-03-11', 'หญิง', 'คณะสถาปัตยกรรมศาสตร์', '010101001', '2025-03-08 07:42:01', '2025-03-10 20:04:16'),
(35, '1165304620081@mail.rmutt.ac.th', 'อติวิชญ์ ใจหงษ์', '1165304620081', '2002-02-19', 'ชาย', 'คณะวิศวกรรมศาสตร์', '0811934070', '2025-03-08 08:04:31', '2025-03-08 08:05:00'),
(36, '1165304620347@mail.rmutt.ac.th', 'รุจิโรจน์ เจริญสุข', '1165304620347', '2001-03-22', 'LGBTQIAN+', 'คณะวิศวกรรมศาสตร์', '0951258435', '2025-03-08 09:05:22', '2025-03-08 09:05:54'),
(37, '1165304620362@mail.rmutt.ac.th', 'ธนภัทร ลิ้มไพบูลย์', '11653046203620000000', '2002-03-16', 'ชาย', 'คณะวิศวกรรมศาสตร์', '0995370385', '2025-03-08 09:19:48', '2025-03-08 09:29:03'),
(39, '1165304620271@mail.rmutt.ac.th', 'เกียรติภูมิ โภคา', '1165304620271', '2006-02-09', 'ชาย', 'คณะวิศวกรรมศาสตร์', '0981586900', '2025-03-10 08:36:50', '2025-03-10 08:37:30');

-- --------------------------------------------------------

--
-- Table structure for table `basic_worry`
--

CREATE TABLE `basic_worry` (
  `id` int(11) NOT NULL,
  `nameWorry` varchar(255) NOT NULL,
  `createdAt` datetime NOT NULL,
  `updatedAt` datetime NOT NULL,
  `nameWorryEng` varchar(255) DEFAULT NULL
) ENGINE=InnoDB DEFAULT CHARSET=utf8mb4 COLLATE=utf8mb4_general_ci;

--
-- Dumping data for table `basic_worry`
--

INSERT INTO `basic_worry` (`id`, `nameWorry`, `createdAt`, `updatedAt`, `nameWorryEng`) VALUES
(1, 'ความรัก', '2024-12-22 10:30:36', '2024-12-22 10:30:36', 'Love'),
(2, 'การเรียน', '2024-12-22 10:30:36', '2024-12-22 10:30:36', 'Education'),
(3, 'ความวิตกกังวลไม่มีสาเหตุ', '2024-12-22 10:30:36', '2024-12-22 10:30:36', 'Free-Floating Anxiety'),
(4, 'ขาดความมั่นใจในตัวเอง', '2024-12-22 10:30:36', '2024-12-22 10:30:36', 'Imposter Syndrome'),
(5, 'สถานะทางการเงิน', '2024-12-22 10:30:36', '2024-12-22 10:30:36', 'Financial'),
(6, 'เพื่อน', '2024-12-22 10:30:36', '2024-12-22 10:30:36', 'Friend');

-- --------------------------------------------------------

--
-- Table structure for table `conern_fac_map`
--

CREATE TABLE `conern_fac_map` (
  `id` int(11) NOT NULL,
  `match_id` int(11) DEFAULT NULL,
  `save_data_id` int(11) DEFAULT NULL,
  `createdAt` datetime NOT NULL,
  `updatedAt` datetime NOT NULL
) ENGINE=InnoDB DEFAULT CHARSET=utf8mb4 COLLATE=utf8mb4_general_ci;

--
-- Dumping data for table `conern_fac_map`
--

INSERT INTO `conern_fac_map` (`id`, `match_id`, `save_data_id`, `createdAt`, `updatedAt`) VALUES
(1, 2, 1, '2025-01-30 05:52:15', '2025-01-30 05:52:15'),
(2, 5, 2, '2025-01-30 06:34:06', '2025-01-30 06:34:06'),
(3, 3, 3, '2025-01-30 07:30:45', '2025-01-30 07:30:45'),
(4, 3, 4, '2025-01-30 07:31:57', '2025-01-30 07:31:57'),
(5, 6, 5, '2025-01-30 07:37:52', '2025-01-30 07:37:52'),
(6, 2, 6, '2025-02-02 07:11:30', '2025-02-02 07:11:30'),
(7, 3, 7, '2025-02-02 07:28:44', '2025-02-02 07:28:44'),
(8, 4, 7, '2025-02-02 07:28:44', '2025-02-02 07:28:44'),
(9, 2, 8, '2025-02-05 06:49:47', '2025-02-05 06:49:47'),
(10, 3, 9, '2025-02-05 08:52:07', '2025-02-05 08:52:07'),
(11, 4, 10, '2025-02-05 09:40:48', '2025-02-05 09:40:48'),
(12, 4, 11, '2025-02-06 10:05:26', '2025-02-06 10:05:26'),
(13, 4, 12, '2025-02-07 16:59:08', '2025-02-07 16:59:08'),
(14, 5, 12, '2025-02-07 16:59:08', '2025-02-07 16:59:08'),
(15, 1, 13, '2025-02-07 18:05:37', '2025-02-07 18:05:37'),
(16, 6, 14, '2025-02-13 07:02:25', '2025-02-13 07:02:25'),
(17, 2, 15, '2025-02-13 09:40:49', '2025-02-13 09:40:49'),
(18, 2, 16, '2025-02-13 09:53:24', '2025-02-13 09:53:24'),
(19, 5, 17, '2025-02-14 07:42:09', '2025-02-14 07:42:09'),
(20, 3, 18, '2025-02-14 09:45:09', '2025-02-14 09:45:09'),
(21, 4, 18, '2025-02-14 09:45:09', '2025-02-14 09:45:09'),
(22, 2, 19, '2025-02-15 06:30:13', '2025-02-15 06:30:13'),
(23, 3, 19, '2025-02-15 06:30:13', '2025-02-15 06:30:13'),
(24, 3, 20, '2025-02-15 06:30:29', '2025-02-15 06:30:29'),
(25, 2, 21, '2025-02-15 06:40:33', '2025-02-15 06:40:33'),
(26, 2, 22, '2025-02-15 06:41:47', '2025-02-15 06:41:47'),
(27, 3, 22, '2025-02-15 06:41:47', '2025-02-15 06:41:47'),
(28, 4, 23, '2025-02-15 06:42:10', '2025-02-15 06:42:10'),
(29, 5, 23, '2025-02-15 06:42:10', '2025-02-15 06:42:10'),
(30, 6, 23, '2025-02-15 06:42:10', '2025-02-15 06:42:10'),
(31, 2, 24, '2025-02-15 07:11:15', '2025-02-15 07:11:15'),
(32, 1, 25, '2025-02-15 07:18:57', '2025-02-15 07:18:57'),
(33, 6, 25, '2025-02-15 07:18:57', '2025-02-15 07:18:57'),
(34, 5, 26, '2025-02-15 07:19:16', '2025-02-15 07:19:16'),
(35, 5, 27, '2025-02-15 07:19:29', '2025-02-15 07:19:29'),
(36, 4, 29, '2025-02-15 07:20:23', '2025-02-15 07:20:23'),
(37, 1, 30, '2025-02-15 07:24:02', '2025-02-15 07:24:02'),
(38, 1, 31, '2025-02-15 07:26:03', '2025-02-15 07:26:03'),
(39, 3, 32, '2025-02-15 07:27:52', '2025-02-15 07:27:52'),
(40, 6, 34, '2025-02-15 08:07:05', '2025-02-15 08:07:05'),
(41, 2, 35, '2025-02-16 09:09:53', '2025-02-16 09:09:53'),
(42, 4, 36, '2025-02-16 09:16:10', '2025-02-16 09:16:10'),
(43, 5, 36, '2025-02-16 09:16:10', '2025-02-16 09:16:10'),
(44, 3, 37, '2025-02-17 15:50:44', '2025-02-17 15:50:44'),
(45, 2, 38, '2025-02-17 16:21:41', '2025-02-17 16:21:41'),
(46, 4, 39, '2025-02-18 04:34:24', '2025-02-18 04:34:24'),
(47, 5, 39, '2025-02-18 04:34:24', '2025-02-18 04:34:24'),
(48, 3, 40, '2025-02-18 04:43:59', '2025-02-18 04:43:59'),
(49, 3, 42, '2025-02-23 11:00:11', '2025-02-23 11:00:11'),
(50, 3, 43, '2025-02-23 11:06:25', '2025-02-23 11:06:25'),
(51, 4, 46, '2025-02-23 11:16:19', '2025-02-23 11:16:19'),
(52, 3, 47, '2025-02-27 04:18:30', '2025-02-27 04:18:30'),
(53, 1, 50, '2025-03-08 07:18:33', '2025-03-08 07:18:33'),
(54, 2, 51, '2025-03-08 07:42:46', '2025-03-08 07:42:46'),
(55, 2, 52, '2025-03-08 08:07:00', '2025-03-08 08:07:00'),
(56, 3, 53, '2025-03-08 08:09:49', '2025-03-08 08:09:49'),
(57, 3, 54, '2025-03-08 09:08:19', '2025-03-08 09:08:19'),
(58, 4, 55, '2025-03-08 09:24:39', '2025-03-08 09:24:39'),
(59, 5, 55, '2025-03-08 09:24:39', '2025-03-08 09:24:39'),
(60, 3, 56, '2025-03-10 08:19:39', '2025-03-10 08:19:39'),
(61, 1, 57, '2025-03-10 08:39:07', '2025-03-10 08:39:07'),
(62, 6, 58, '2025-03-10 08:39:58', '2025-03-10 08:39:58'),
(63, 2, 59, '2025-03-10 08:56:30', '2025-03-10 08:56:30'),
(64, 3, 60, '2025-03-10 11:37:46', '2025-03-10 11:37:46'),
(65, 4, 60, '2025-03-10 11:37:46', '2025-03-10 11:37:46'),
(66, 5, 61, '2025-03-10 11:38:09', '2025-03-10 11:38:09'),
(67, 2, 62, '2025-03-10 11:39:37', '2025-03-10 11:39:37'),
(68, 3, 64, '2025-03-10 12:15:55', '2025-03-10 12:15:55'),
(69, 3, 65, '2025-03-10 12:16:38', '2025-03-10 12:16:38'),
(70, 5, 65, '2025-03-10 12:16:38', '2025-03-10 12:16:38'),
(71, 3, 66, '2025-03-10 14:54:48', '2025-03-10 14:54:48'),
(72, 4, 67, '2025-03-10 15:16:21', '2025-03-10 15:16:21'),
(73, 1, 68, '2025-03-10 15:17:19', '2025-03-10 15:17:19'),
(74, 2, 68, '2025-03-10 15:17:19', '2025-03-10 15:17:19'),
(75, 3, 68, '2025-03-10 15:17:19', '2025-03-10 15:17:19'),
(76, 4, 68, '2025-03-10 15:17:19', '2025-03-10 15:17:19'),
(77, 5, 68, '2025-03-10 15:17:19', '2025-03-10 15:17:19'),
(78, 6, 68, '2025-03-10 15:17:19', '2025-03-10 15:17:19'),
(79, 1, 69, '2025-03-10 15:43:26', '2025-03-10 15:43:26'),
(80, 2, 69, '2025-03-10 15:43:26', '2025-03-10 15:43:26'),
(81, 3, 69, '2025-03-10 15:43:26', '2025-03-10 15:43:26'),
(82, 4, 69, '2025-03-10 15:43:26', '2025-03-10 15:43:26'),
(83, 5, 69, '2025-03-10 15:43:26', '2025-03-10 15:43:26'),
(84, 6, 69, '2025-03-10 15:43:26', '2025-03-10 15:43:26'),
(85, 1, 70, '2025-03-10 16:30:23', '2025-03-10 16:30:23'),
(86, 5, 70, '2025-03-10 16:30:23', '2025-03-10 16:30:23'),
(87, 8, 70, '2025-03-10 16:30:23', '2025-03-10 16:30:23'),
(88, 9, 70, '2025-03-10 16:30:23', '2025-03-10 16:30:23'),
(89, 1, 71, '2025-03-10 16:45:34', '2025-03-10 16:45:34'),
(90, 5, 71, '2025-03-10 16:45:34', '2025-03-10 16:45:34'),
(91, 8, 71, '2025-03-10 16:45:34', '2025-03-10 16:45:34'),
(92, 9, 71, '2025-03-10 16:45:34', '2025-03-10 16:45:34'),
(93, 25, 71, '2025-03-10 16:45:34', '2025-03-10 16:45:34'),
(94, 2, 72, '2025-03-10 16:47:24', '2025-03-10 16:47:24'),
(95, 5, 72, '2025-03-10 16:47:24', '2025-03-10 16:47:24'),
(96, 25, 72, '2025-03-10 16:47:24', '2025-03-10 16:47:24'),
(97, 4, 73, '2025-03-10 17:02:19', '2025-03-10 17:02:19'),
(98, 5, 73, '2025-03-10 17:02:19', '2025-03-10 17:02:19'),
(99, 2, 74, '2025-03-10 17:06:56', '2025-03-10 17:06:56'),
(100, 25, 74, '2025-03-10 17:06:56', '2025-03-10 17:06:56'),
(101, 4, 75, '2025-03-10 17:07:15', '2025-03-10 17:07:15'),
(102, 5, 75, '2025-03-10 17:07:15', '2025-03-10 17:07:15'),
(103, 6, 76, '2025-03-10 17:07:39', '2025-03-10 17:07:39'),
(104, 1, 77, '2025-03-10 17:08:06', '2025-03-10 17:08:06'),
(105, 6, 78, '2025-03-10 17:48:13', '2025-03-10 17:48:13'),
(106, 4, 79, '2025-03-10 17:59:17', '2025-03-10 17:59:17'),
(107, 5, 79, '2025-03-10 17:59:17', '2025-03-10 17:59:17'),
(108, 4, 80, '2025-03-10 18:08:58', '2025-03-10 18:08:58'),
(109, 5, 80, '2025-03-10 18:08:58', '2025-03-10 18:08:58'),
(110, 4, 81, '2025-03-10 18:14:49', '2025-03-10 18:14:49'),
(111, 5, 81, '2025-03-10 18:14:49', '2025-03-10 18:14:49'),
(112, 6, 82, '2025-03-10 18:42:12', '2025-03-10 18:42:12'),
(113, 7, 83, '2025-03-10 18:54:27', '2025-03-10 18:54:27'),
(114, 8, 83, '2025-03-10 18:54:27', '2025-03-10 18:54:27'),
(115, 9, 83, '2025-03-10 18:54:27', '2025-03-10 18:54:27'),
(116, 4, 84, '2025-03-10 18:56:25', '2025-03-10 18:56:25'),
(117, 5, 84, '2025-03-10 18:56:25', '2025-03-10 18:56:25'),
(118, 6, 85, '2025-03-10 18:58:52', '2025-03-10 18:58:52'),
(119, 8, 85, '2025-03-10 18:58:52', '2025-03-10 18:58:52'),
(120, 9, 85, '2025-03-10 18:58:52', '2025-03-10 18:58:52'),
(121, 6, 86, '2025-03-10 19:05:52', '2025-03-10 19:05:52'),
(122, 10, 87, '2025-03-10 19:23:34', '2025-03-10 19:23:34'),
(123, 4, 88, '2025-03-10 19:33:38', '2025-03-10 19:33:38'),
(124, 5, 88, '2025-03-10 19:33:38', '2025-03-10 19:33:38'),
(125, 4, 89, '2025-03-10 19:43:32', '2025-03-10 19:43:32'),
(126, 5, 89, '2025-03-10 19:43:32', '2025-03-10 19:43:32'),
(127, 6, 90, '2025-03-10 19:43:58', '2025-03-10 19:43:58'),
(128, 1, 91, '2025-03-10 19:44:33', '2025-03-10 19:44:33'),
(129, 6, 92, '2025-03-10 19:55:32', '2025-03-10 19:55:32'),
(130, 8, 92, '2025-03-10 19:55:32', '2025-03-10 19:55:32'),
(131, 9, 92, '2025-03-10 19:55:32', '2025-03-10 19:55:32'),
(132, 2, 93, '2025-03-11 09:50:32', '2025-03-11 09:50:32'),
(133, 27, 93, '2025-03-11 09:50:32', '2025-03-11 09:50:32'),
(134, 4, 94, '2025-03-11 09:54:11', '2025-03-11 09:54:11'),
(135, 5, 94, '2025-03-11 09:54:11', '2025-03-11 09:54:11');

-- --------------------------------------------------------

--
-- Table structure for table `faculties`
--

CREATE TABLE `faculties` (
  `id` int(11) NOT NULL,
  `faculties` varchar(255) NOT NULL,
  `phone` varchar(255) DEFAULT NULL,
  `createdAt` datetime NOT NULL,
  `updatedAt` datetime NOT NULL
) ENGINE=InnoDB DEFAULT CHARSET=utf8mb4 COLLATE=utf8mb4_general_ci;

--
-- Dumping data for table `faculties`
--

INSERT INTO `faculties` (`id`, `faculties`, `phone`, `createdAt`, `updatedAt`) VALUES
(1, 'ฝ่ายแนะแนวการศึกษาและอาชีพ', '02-549-3024 , 02-549-3025', '2025-01-09 09:17:03', '2025-01-09 09:17:03'),
(2, 'สำนักส่งเสริมวิชาการและงานทะเบียน (สวท.)', '02-549-3600-5', '2025-01-09 09:17:03', '2025-01-09 09:17:03'),
(3, 'ฝ่ายสุขภาพและอนามัย', '02-549-3676 , 02-549-4010', '2025-01-09 09:17:03', '2025-02-27 11:28:24'),
(4, 'กองพัฒนานักศึกษา (กพน.)', '02-549-3028', '2025-01-09 09:17:03', '2025-01-09 09:17:03'),
(5, 'งานกยศ.มทร.ธัญบุรี', '02-549-3674 , 02-549-3684', '2025-01-09 09:17:03', '2025-01-09 09:17:03');

-- --------------------------------------------------------

--
-- Table structure for table `form_type`
--

CREATE TABLE `form_type` (
  `id` int(11) NOT NULL,
  `nameType` varchar(255) NOT NULL,
  `createdAt` datetime NOT NULL,
  `updatedAt` datetime NOT NULL,
  `max_score` int(11) NOT NULL,
  `min_score` int(11) NOT NULL,
  `nameTypeEng` varchar(255) DEFAULT NULL,
  `type` int(11) DEFAULT NULL
) ENGINE=InnoDB DEFAULT CHARSET=utf8mb4 COLLATE=utf8mb4_general_ci;

--
-- Dumping data for table `form_type`
--

INSERT INTO `form_type` (`id`, `nameType`, `createdAt`, `updatedAt`, `max_score`, `min_score`, `nameTypeEng`, `type`) VALUES
(1, 'แบบประเมินความเครียด (ST-5)', '2024-12-22 09:32:56', '2024-12-22 09:32:56', 3, 0, 'Stress Test Questionnaire', 0),
(2, 'แบบประเมินซึมเศร้า (9Q)', '2024-12-22 09:33:58', '2024-12-22 09:33:58', 3, 0, 'Nine Patient Health Questionnaire', 0),
(3, 'แบบประเมินพลังสุขภาพจิต (RQ)', '2024-12-22 09:33:58', '2024-12-22 09:33:58', 4, 1, 'Resilience Quotient', 0),
(4, 'คลินิกกำลังใจ', '2024-12-23 09:15:26', '2025-03-10 23:07:16', 0, 0, 'Mind counseling', 1);

-- --------------------------------------------------------

--
-- Table structure for table `guidance`
--

CREATE TABLE `guidance` (
  `id` int(11) NOT NULL,
  `guidance` varchar(255) NOT NULL,
  `formtype_id` int(11) DEFAULT NULL,
  `createdAt` datetime NOT NULL,
  `updatedAt` datetime NOT NULL
) ENGINE=InnoDB DEFAULT CHARSET=utf8mb4 COLLATE=utf8mb4_general_ci;

--
-- Dumping data for table `guidance`
--

INSERT INTO `guidance` (`id`, `guidance`, `formtype_id`, `createdAt`, `updatedAt`) VALUES
(1, 'การหาทางออกจากสภาวะเครียด เช่น การฝึกหายใจลึกๆ หรือการผ่อนคลายจิตใจ', 1, '2025-01-09 08:29:22', '2025-01-09 08:29:22'),
(2, 'การตั้งเป้าหมายในชีวิตอย่างมีความหมายและสร้างความสำเร็จที่เล็กๆเพื่อเพิ่มความมั่นใจ', 1, '2025-01-09 08:29:22', '2025-01-09 08:29:22'),
(3, 'การดูแลสุขภาพร่างกาย เช่น การออกกำลังกาย, การนอนหลับพักผ่อนให้เพียงพอ, และการรับประทานอาหารที่มีประโยชน์', 1, '2025-01-09 08:29:22', '2025-01-09 08:29:22'),
(4, 'การหาวิธีมองสถานการณ์ในแง่บวกเพื่อช่วยให้มีทัศนคติที่ดีต่อความท้าทาย', 1, '2025-01-09 08:29:22', '2025-01-09 08:29:22'),
(5, 'การลดความคาดหวังสูงเกินไปหรือการเรียนรู้ที่จะยอมรับสิ่งที่ไม่สามารถเปลี่ยนแปลงได้', 1, '2025-01-09 08:29:22', '2025-01-09 08:29:22'),
(6, 'การพูดคุยกับคนใกล้ชิดหรือเพื่อนสนิทเพื่อแบ่งปันความรู้สึก', 1, '2025-01-09 08:29:22', '2025-01-09 08:29:22'),
(7, 'การยอมรับว่าความรู้สึกซึมเศร้าเป็นสิ่งที่เกิดขึ้นได้ในชีวิตและสามารถรักษาได้', 2, '2025-01-09 08:32:12', '2025-01-09 08:32:12'),
(8, 'การจัดการชีวิตประจำวันให้มีความสมดุล เช่น การนอนหลับที่เพียงพอ การออกกำลังกายอย่างสม่ำเสมอ และการรับประทานอาหารที่มีประโยชน์', 2, '2025-01-09 08:32:12', '2025-01-09 08:32:12'),
(9, 'ลองพูดคุยกับครอบครัวหรือเพื่อนสนิทเพื่อแบ่งปันความรู้สึก', 2, '2025-01-09 08:32:12', '2025-01-09 08:32:12'),
(10, 'เรียนรู้ทักษะการแก้ปัญหาและการตัดสินใจที่ดีขึ้นเพื่อเพิ่มความมั่นใจในตนเอง', 3, '2025-01-09 08:35:00', '2025-01-09 08:35:00'),
(11, 'รักษาความสัมพันธ์ที่ดีกับครอบครัว เพื่อน หรือชุมชน เพื่อเป็นแหล่งสนับสนุนทางอารมณ์และการสร้างความรู้สึกเป็นส่วนหนึ่งของสังคม', 3, '2025-01-09 08:35:00', '2025-01-09 08:35:00'),
(12, 'การรักษาสมดุลชีวิตในด้านต่างๆ เช่น การออกกำลังกาย การรับประทานอาหารที่มีประโยชน์ และการนอนหลับพักผ่อนอย่างเพียงพอ', 3, '2025-01-09 08:35:00', '2025-01-09 08:35:00'),
(13, 'ลองตั้งเป้าหมายและมุ่งมั่นในการทำสิ่งที่มีความหมาย เพื่อเพิ่มพลังชีวิตและทำให้รู้สึกถึงความสำเร็จที่แท้จริง', 3, '2025-01-09 08:35:00', '2025-01-09 08:35:00'),
(14, 'การฝึกฝนการมองโลกในแง่บวกและการปรับเปลี่ยนทัศนคติเพื่อให้มีทัศนคติที่ดีต่อชีวิต', 3, '2025-01-09 08:35:00', '2025-01-09 08:35:00');

-- --------------------------------------------------------

--
-- Table structure for table `interpre`
--

CREATE TABLE `interpre` (
  `id` int(11) NOT NULL,
  `nameInterpre` varchar(255) NOT NULL,
  `formtype_id` int(11) DEFAULT NULL,
  `createdAt` datetime NOT NULL,
  `updatedAt` datetime NOT NULL,
  `min_Interpre` int(11) NOT NULL,
  `max_Interpre` int(11) NOT NULL,
  `color_Progress` varchar(255) NOT NULL
) ENGINE=InnoDB DEFAULT CHARSET=utf8mb4 COLLATE=utf8mb4_general_ci;

--
-- Dumping data for table `interpre`
--

INSERT INTO `interpre` (`id`, `nameInterpre`, `formtype_id`, `createdAt`, `updatedAt`, `min_Interpre`, `max_Interpre`, `color_Progress`) VALUES
(1, 'เครียดน้อย', 1, '2024-12-24 11:29:40', '2024-12-24 11:29:40', 0, 4, '0xff16C47F'),
(2, 'เครียดปานกลาง', 1, '2024-12-24 11:29:40', '2024-12-24 11:29:40', 5, 7, '0xffFFB200'),
(3, 'เครียดมาก', 1, '2024-12-24 11:31:17', '2024-12-24 11:31:17', 8, 9, '0xffFA812F'),
(4, 'เครียดมากที่สุด', 1, '2024-12-24 11:31:17', '2024-12-24 11:31:17', 10, 15, '0xffF72C5B'),
(5, 'ซึมเศร้าระดับน้อยมาก', 2, '2024-12-24 11:31:53', '2024-12-24 11:31:53', 0, 6, '0xff16C47F'),
(6, 'ซึมเศร้าระดับน้อย', 2, '2024-12-24 11:31:53', '2024-12-24 11:31:53', 7, 12, '0xff54C392'),
(7, 'ซึมเศร้าระดับปานกลาง', 2, '2024-12-24 11:31:53', '2024-12-24 11:31:53', 13, 18, '0xffFFB200'),
(8, 'ซึมเศร้าระดับรุนแรง', 2, '2024-12-24 11:31:53', '2024-12-24 11:31:53', 19, 27, '0xffF72C5B'),
(9, 'พลังสุขภาพจิตระดับต่ำ', 3, '2024-12-24 11:36:34', '2024-12-24 11:36:34', 0, 54, '0xff577B8D'),
(10, 'พลังสุขภาพจิตระดับปกติ', 3, '2024-12-24 11:36:34', '2024-12-24 11:36:34', 55, 69, '0xff16C47F'),
(11, 'พลังสุขภาพจิตระดับสูง', 3, '2024-12-24 11:36:34', '2024-12-24 11:36:34', 70, 80, '0xffFFB200');

-- --------------------------------------------------------

--
-- Table structure for table `manageadmin`
--

CREATE TABLE `manageadmin` (
  `id` int(11) NOT NULL,
  `firstname` varchar(255) NOT NULL,
  `lastname` varchar(255) NOT NULL,
  `username` varchar(255) NOT NULL,
  `password` varchar(255) NOT NULL,
  `phone` varchar(255) NOT NULL,
  `role_id` int(11) DEFAULT NULL,
  `createdAt` datetime NOT NULL,
  `updatedAt` datetime NOT NULL
) ENGINE=InnoDB DEFAULT CHARSET=utf8mb4 COLLATE=utf8mb4_general_ci;

--
-- Dumping data for table `manageadmin`
--

INSERT INTO `manageadmin` (`id`, `firstname`, `lastname`, `username`, `password`, `phone`, `role_id`, `createdAt`, `updatedAt`) VALUES
(2, 'Pornchanok', 'P.', 'adminnut@join', '$2b$10$7GsMD8d7bym2MK2.YkAO7OHDWmoNPtv8ony/68O3Fz36mftaJiDxG', '0987541235', 1, '2025-02-09 15:35:00', '2025-02-09 15:35:00'),
(3, 'BigBoss', 'P.', 'adminboss@join', '$2b$10$niqWChoKWgPpH5KRe4juWOojRdefDy8PXDtoELJE3gTT6PN4i9OQi', '0258749517', 2, '2025-02-09 16:03:00', '2025-02-09 16:03:00'),
(4, 'ddd', 'dd', 'adminddd@join', '$2b$10$QKcJeBbc2mg6362dwthB7.yDAL/Lpm4Fb.aT.6HFsYEYhS7ocqhkO', '0258744517', 2, '2025-02-09 16:05:09', '2025-02-09 16:05:09'),
(5, 'Admin5', 'No.5', 'admin5@join', '$2b$10$n7jXEZgZg1AbJkI6zoJSn.s1rLg6HvhlMZoyweWhTS420ibwc4iLa', '0981234560', 1, '2025-02-10 10:24:06', '2025-02-10 10:24:06'),
(6, 'xo', 'xo', 'xoxo', '$2y$10$ygbPZY/5LV7zGe7Trwsddekvjh7j858ZvM3kGaqG/QasW1dEvu36e', '0121', 1, '0000-00-00 00:00:00', '0000-00-00 00:00:00'),
(7, 'xo', 'xo', 'xoxo', '$2y$10$xFN.UtyDKjh7D3v/gTkPoenDTRazb4mE4Pf5QtNA/p4PIq50IUpcq', '0121', 1, '0000-00-00 00:00:00', '0000-00-00 00:00:00'),
(8, 'admin6', 'no.6', 'admin6@join', '$2y$10$CDjAidRWWBlOOUY/wNqlg.vpDv28xFPI92TtuptAoW9jSBS2JJD5i', '0987453216', 1, '0000-00-00 00:00:00', '0000-00-00 00:00:00'),
(9, 'admin8', 'no.10', 'admin10', '$2y$10$Q3KX76fq0jKsbTkubj29wO22chO72zGKYtisJXtPrZG6aruxQRHMq', '0987453220', 1, '0000-00-00 00:00:00', '0000-00-00 00:00:00'),
(10, 'admin555', 'no.11', 'admin11', '$2y$10$iIAw7ejFylMvq2XbyuNWVOkxrmnhEO9S0xkZiwFlfm4RCmTT.tciO', '0987453221', 1, '0000-00-00 00:00:00', '0000-00-00 00:00:00'),
(11, 'admin559', 'no.11', 'admin11', '$2y$10$qvU5rGgljmhucHg5hg.1XOkJ36/w3WuiLRWLLYUckQU3z43XWNxuy', '0987453221', 1, '0000-00-00 00:00:00', '0000-00-00 00:00:00'),
(12, 'admin11', 'no.11', 'admin11', '$2y$10$tadjv/Kom3j3lAh0upWmwOdm85SxzOV0fgCixnx5ydyV7jj4S5Fyi', '0987453221', 2, '0000-00-00 00:00:00', '0000-00-00 00:00:00'),
(13, 'admin1150', 'no.1150', 'piza', '$2y$10$Dka/jJvnb6Asvj8W1l/Z/u21harOEsc4Inx.Xv/xtRiCDo0mR1d76', '0987451150', 2, '0000-00-00 00:00:00', '0000-00-00 00:00:00'),
(19, 'nukjit1', 'manaja', 'Yum', '$2y$10$A1cAijUtAcW7XgOWoXK5iOLo5pBtIWGIpz.MTsKMvAjHSvb7xoWsm', '0986743215', 2, '0000-00-00 00:00:00', '0000-00-00 00:00:00'),
(35, '12345', '12345', '12345@22', '$2y$10$djhGljitRZXXG78zvIoGAuEv23mw0sh6iDWXuXIFd9b0Y7r8Ifi3u', '12345', 2, '2025-02-27 11:32:12', '0000-00-00 00:00:00'),
(36, 'xoxo', 'xoxo', 'xoxoxo', '$2y$10$9hKJfU9d4EJ27aKyPvYE9OXqKaE1W2GMaTNgPJKe676wOntleM/.u', '123456', 1, '2025-03-11 12:38:23', '2025-03-11 12:38:33');

-- --------------------------------------------------------

--
-- Table structure for table `match_worry_fac`
--

CREATE TABLE `match_worry_fac` (
  `id` int(11) NOT NULL,
  `basic_worry_id` int(11) DEFAULT NULL,
  `faculties_id` int(11) DEFAULT NULL,
  `createdAt` datetime NOT NULL,
  `updatedAt` datetime NOT NULL
) ENGINE=InnoDB DEFAULT CHARSET=utf8mb4 COLLATE=utf8mb4_general_ci;

--
-- Dumping data for table `match_worry_fac`
--

INSERT INTO `match_worry_fac` (`id`, `basic_worry_id`, `faculties_id`, `createdAt`, `updatedAt`) VALUES
(1, 1, 1, '2025-01-09 10:05:12', '2025-01-09 10:05:12'),
(2, 2, 1, '2025-01-09 10:06:11', '2025-01-09 10:06:11'),
(4, 3, 1, '2025-01-09 10:06:11', '2025-01-09 10:06:11'),
(5, 3, 3, '2025-01-09 10:06:11', '2025-01-09 10:06:11'),
(6, 4, 1, '2025-01-09 10:06:11', '2025-01-09 10:06:11'),
(7, 5, 1, '2025-01-09 10:06:11', '2025-01-09 10:06:11'),
(8, 5, 4, '2025-01-09 10:06:11', '2025-01-09 10:06:11'),
(9, 5, 5, '2025-01-09 10:06:11', '2025-01-09 10:06:11'),
(10, 6, 1, '2025-01-09 10:06:11', '2025-01-09 10:06:11'),
(27, 2, 3, '2025-03-11 13:19:56', '2025-03-11 13:20:05');

-- --------------------------------------------------------

--
-- Table structure for table `meetings`
--

CREATE TABLE `meetings` (
  `id` int(11) NOT NULL,
  `meeting_date` datetime NOT NULL,
  `start_time` time NOT NULL,
  `end_time` time NOT NULL,
  `description` text NOT NULL,
  `readed` smallint(6) NOT NULL DEFAULT 0,
  `acc_id` int(11) DEFAULT NULL,
  `createdAt` datetime NOT NULL,
  `updatedAt` datetime NOT NULL
) ENGINE=InnoDB DEFAULT CHARSET=utf8mb4 COLLATE=utf8mb4_general_ci;

--
-- Dumping data for table `meetings`
--

INSERT INTO `meetings` (`id`, `meeting_date`, `start_time`, `end_time`, `description`, `readed`, `acc_id`, `createdAt`, `updatedAt`) VALUES
(7, '2025-02-22 00:00:00', '11:24:00', '13:24:00', 'ggg', 0, 31, '2025-02-21 16:24:32', '0000-00-00 00:00:00'),
(8, '2025-02-23 00:00:00', '09:02:00', '10:02:00', 'ppppppppp', 0, 22, '2025-02-22 14:02:13', '0000-00-00 00:00:00'),
(9, '2025-02-24 00:00:00', '05:32:00', '06:32:00', 'มาพบด้วยยยยย', 0, 22, '0000-00-00 00:00:00', '0000-00-00 00:00:00'),
(19, '2025-02-24 00:00:00', '19:41:00', '20:41:00', '00000', 0, 31, '0000-00-00 00:00:00', '0000-00-00 00:00:00'),
(20, '2025-02-28 00:00:00', '11:23:00', '12:23:00', 'มาพบหน่อยนะคะ', 0, 32, '0000-00-00 00:00:00', '0000-00-00 00:00:00'),
(21, '2025-03-08 00:00:00', '06:25:00', '19:25:00', 'มีปัญหาอะไรให้ไปที่คลองน้ำ', 0, 37, '0000-00-00 00:00:00', '0000-00-00 00:00:00'),
(23, '2025-03-09 00:00:00', '02:44:00', '05:49:00', '000000', 0, 37, '0000-00-00 00:00:00', '0000-00-00 00:00:00'),
(24, '2025-03-09 00:00:00', '02:45:00', '05:45:00', '2111211', 0, 37, '0000-00-00 00:00:00', '0000-00-00 00:00:00'),
(25, '2025-03-11 00:00:00', '04:55:00', '16:55:00', 'กรุณามาพบโดยด่วนนนนน', 0, 34, '0000-00-00 00:00:00', '0000-00-00 00:00:00');

-- --------------------------------------------------------

--
-- Table structure for table `option`
--

CREATE TABLE `option` (
  `id` int(11) NOT NULL,
  `option_name` varchar(255) NOT NULL,
  `formtype_id` int(11) DEFAULT NULL,
  `createdAt` datetime NOT NULL,
  `updatedAt` datetime NOT NULL,
  `score` int(11) NOT NULL
) ENGINE=InnoDB DEFAULT CHARSET=utf8mb4 COLLATE=utf8mb4_general_ci;

--
-- Dumping data for table `option`
--

INSERT INTO `option` (`id`, `option_name`, `formtype_id`, `createdAt`, `updatedAt`, `score`) VALUES
(1, 'แทบไม่มี', 1, '2024-12-22 09:49:59', '2024-12-22 09:49:59', 0),
(2, 'เป็นบางครั้ง', 1, '2024-12-22 09:49:59', '2024-12-22 09:49:59', 1),
(3, 'บ่อยครั้ง', 1, '2024-12-22 09:49:59', '2024-12-22 09:49:59', 2),
(4, 'เป็นประจำ', 1, '2024-12-22 09:49:59', '2024-12-22 09:49:59', 3),
(9, 'ไม่มีเลย', 2, '2024-12-22 09:55:14', '2024-12-22 09:55:14', 0),
(10, 'เป็นบางวัน 1-7 วัน', 2, '2024-12-22 09:55:14', '2024-12-22 09:55:14', 1),
(11, 'เป็นบ่อย > 7 วัน', 2, '2024-12-22 09:55:14', '2024-12-22 09:55:14', 2),
(12, 'เป็นทุกวัน', 2, '2024-12-22 09:55:14', '2024-12-22 09:55:14', 3),
(13, 'ไม่จริง', 3, '2024-12-23 16:44:02', '2024-12-23 16:44:02', 1),
(14, 'จริงบางครั้ง', 3, '2024-12-23 16:44:02', '2024-12-23 16:44:02', 2),
(15, 'ค่อนข้างจริง', 3, '2024-12-23 16:44:02', '2024-12-23 16:44:02', 3),
(16, 'จริงมาก', 3, '2024-12-23 16:44:02', '2024-12-23 16:44:02', 4);

-- --------------------------------------------------------

--
-- Table structure for table `question`
--

CREATE TABLE `question` (
  `id` int(11) NOT NULL,
  `question` varchar(255) NOT NULL,
  `formtype_id` int(11) DEFAULT NULL,
  `createdAt` datetime NOT NULL,
  `updatedAt` datetime NOT NULL,
  `question_type` int(11) DEFAULT NULL
) ENGINE=InnoDB DEFAULT CHARSET=utf8mb4 COLLATE=utf8mb4_general_ci;

--
-- Dumping data for table `question`
--

INSERT INTO `question` (`id`, `question`, `formtype_id`, `createdAt`, `updatedAt`, `question_type`) VALUES
(1, 'มีปัญหาการนอน นอนไม่หลับหรือนอนมาก', 1, '2024-12-22 09:36:23', '2024-12-22 09:36:23', 0),
(2, 'มีสมาธิน้อยลง', 1, '2024-12-22 09:36:23', '2024-12-22 09:36:23', 0),
(3, 'หงุดหงิด/กระวนกระวายใจ/ว้าวุ่นใจ', 1, '2024-12-22 09:37:43', '2024-12-22 09:37:43', 0),
(4, 'รู้สึกเบื่อ เซ็ง', 1, '2024-12-22 09:37:43', '2024-12-22 09:37:43', 0),
(5, 'ไม่อยากพบปะผู้คน', 1, '2024-12-22 09:37:43', '2024-12-22 09:37:43', 0),
(6, 'เบื่อ ไม่สนใจอยากทำอะไร', 2, '2024-12-22 09:38:59', '2024-12-22 09:38:59', 0),
(7, 'ไม่สบายใจ ซึมเศร้า ท้อแท้', 2, '2024-12-22 09:38:59', '2024-12-22 09:38:59', 0),
(8, 'หลับยากหรือหลับตื่นๆหรือหลับมากไป', 2, '2024-12-22 09:38:59', '2024-12-22 09:38:59', 0),
(9, 'เหนื่อยง่ายหรือไม่ค่อยมีแรง', 2, '2024-12-22 09:38:59', '2024-12-22 09:38:59', 0),
(10, 'เบื่ออาหารหรือกินมากเกินไป', 2, '2024-12-22 09:38:59', '2024-12-22 09:38:59', 0),
(11, 'รู้สึกไม่ดีกับตัวเอง คิดว่าตัวเองล้มเหลวหรือครอบครัวผิดหวัง', 2, '2024-12-22 09:38:59', '2024-12-22 09:38:59', 0),
(12, 'สมาธิไม่ดี เวลาทำอะไร เช่น ดูโทรทัศน์ ฟังวิทยุ หรือทำงานที่ต้องใช้ความตั้งใจ', 2, '2024-12-22 09:38:59', '2024-12-22 09:38:59', 0),
(13, 'พูดช้า ทำอะไรช้าลงจนคนอื่นสังเกตเห็นได้ หรือกระสับกระส่ายไม่สามาถอยู่นิ่งได้เหมือนที่เคยเป็น', 2, '2024-12-22 09:38:59', '2024-12-22 09:38:59', 0),
(14, 'คิดทำร้ายตนเอง หรือคิดว่าถ้าตายไปคงจะดี', 2, '2024-12-22 09:38:59', '2024-12-22 09:38:59', 0),
(15, 'เรื่องไม่สบายใจเล็กน้อยทำให้ฉันว้าวุ่นใจนั่งไม่ติด', 3, '2024-12-23 16:17:51', '2024-12-23 16:17:51', 1),
(16, 'ฉันไม่ใส่ใจคนที่หัวเราะเยาะฉัน', 3, '2024-12-23 16:17:51', '2024-12-23 16:17:51', 0),
(17, 'เมื่อฉันทำผิดพลาดหรือเสียหายฉันยอมรับผิดหรือผลที่ตาม', 3, '2024-12-23 16:17:51', '2024-12-23 16:17:51', 0),
(18, 'ฉันเคยยอมทนลำบากเพื่ออนาคตที่ดีขึ้น', 3, '2024-12-23 16:17:51', '2024-12-23 16:17:51', 0),
(19, 'เวลาทุกข์ใจมากๆ ฉันเจ็บป่วยไม่สบาย', 3, '2024-12-23 16:17:51', '2024-12-23 16:17:51', 1),
(20, 'ฉันสอนและเตือนตัวเอง', 3, '2024-12-23 16:17:51', '2024-12-23 16:17:51', 0),
(21, 'ความยากลำบากทำให้ฉันแกร่งขึ้น', 3, '2024-12-23 16:17:51', '2024-12-23 16:17:51', 0),
(22, 'ฉันไม่จดจำเรื่องเลวร้ายในอดีต', 3, '2024-12-23 16:17:51', '2024-12-23 16:17:51', 0),
(23, 'ถึงแม้ปัญหาจะหนักหนาเพียงใดชีวิตฉันก็ไม่เลวร้ายไปหมด', 3, '2024-12-23 16:17:51', '2024-12-23 16:17:51', 0),
(24, 'เมื่อมีเรื่องหนักใจ ฉันมีคนปรับทุกข์ด้วย', 3, '2024-12-23 16:17:51', '2024-12-23 16:17:51', 0),
(25, 'จากประสบการณ์ที่ผ่านมาทำให้ฉันมั่นใจว่าจะแก้ปัญหาต่างๆ ที่ผ่านเข้ามาในชีวิตได้', 3, '2024-12-23 16:32:34', '2024-12-23 16:32:34', 0),
(26, 'ฉันมีครอบครัวและคนใกล้ชิดเป็นกำลังใจ', 3, '2024-12-23 16:32:34', '2024-12-23 16:32:34', 0),
(27, 'ฉันมีแผนการที่จะทำให้ชีวิตก้าวไปข้างหน้า', 3, '2024-12-23 16:32:34', '2024-12-23 16:32:34', 0),
(28, 'เมื่อมีปัญหาวิกฤตเกิดขึ้น ฉันรู้สึกว่าตัวเองไร้ความสามารถ', 3, '2024-12-23 16:32:34', '2024-12-23 16:32:34', 1),
(29, 'เป็นเรื่องยากสำหรับฉันที่จะทำให้ชีวิตดีขึ้น', 3, '2024-12-23 16:32:34', '2024-12-23 16:32:34', 1),
(30, 'ฉันอยากหนีไปให้พ้น หากมีปัญหาหนักหนาต้องรับผิดชอบ', 3, '2024-12-23 16:38:50', '2024-12-23 16:38:50', 1),
(31, 'การแก้ไขปัญหาทำให้ฉันมีประสบการณ์มากขึ้น', 3, '2024-12-23 16:38:50', '2024-12-23 16:38:50', 0),
(32, 'ในการพูดคุย ฉันหาเหตุผลที่ทุกคนยอมรับหรือเห็นด้วยกันฉันได้', 3, '2024-12-23 16:38:50', '2024-12-23 16:38:50', 0),
(33, 'ฉันเตรียมหาทางออกไว้หากปัญหาร้ายแรงกว่าที่คิด', 3, '2024-12-23 16:38:50', '2024-12-23 16:38:50', 0),
(34, 'ฉันชอบฟังความคิดเห็นที่แตกต่างจากฉัน', 3, '2024-12-23 16:38:50', '2024-12-23 16:38:50', 0);

-- --------------------------------------------------------

--
-- Table structure for table `question_select`
--

CREATE TABLE `question_select` (
  `id` int(11) NOT NULL,
  `save_data_id` int(11) DEFAULT NULL,
  `queston_id` int(11) DEFAULT NULL,
  `option_id` int(11) DEFAULT NULL,
  `createdAt` datetime NOT NULL,
  `updatedAt` datetime NOT NULL
) ENGINE=InnoDB DEFAULT CHARSET=utf8mb4 COLLATE=utf8mb4_general_ci;

--
-- Dumping data for table `question_select`
--

INSERT INTO `question_select` (`id`, `save_data_id`, `queston_id`, `option_id`, `createdAt`, `updatedAt`) VALUES
(1, 1, 1, 2, '2025-01-30 05:52:15', '2025-01-30 05:52:15'),
(2, 1, 2, 3, '2025-01-30 05:52:15', '2025-01-30 05:52:15'),
(3, 1, 3, 2, '2025-01-30 05:52:15', '2025-01-30 05:52:15'),
(4, 1, 4, 4, '2025-01-30 05:52:15', '2025-01-30 05:52:15'),
(5, 1, 5, 3, '2025-01-30 05:52:15', '2025-01-30 05:52:15'),
(6, 2, 6, 11, '2025-01-30 06:34:06', '2025-01-30 06:34:06'),
(7, 2, 7, 12, '2025-01-30 06:34:06', '2025-01-30 06:34:06'),
(8, 2, 8, 12, '2025-01-30 06:34:06', '2025-01-30 06:34:06'),
(9, 2, 9, 12, '2025-01-30 06:34:06', '2025-01-30 06:34:06'),
(10, 2, 10, 12, '2025-01-30 06:34:06', '2025-01-30 06:34:06'),
(11, 2, 11, 12, '2025-01-30 06:34:06', '2025-01-30 06:34:06'),
(12, 2, 12, 12, '2025-01-30 06:34:06', '2025-01-30 06:34:06'),
(13, 2, 13, 9, '2025-01-30 06:34:06', '2025-01-30 06:34:06'),
(14, 2, 14, 10, '2025-01-30 06:34:06', '2025-01-30 06:34:06'),
(15, 3, 1, 2, '2025-01-30 07:30:45', '2025-01-30 07:30:45'),
(16, 3, 2, 2, '2025-01-30 07:30:45', '2025-01-30 07:30:45'),
(17, 3, 3, 2, '2025-01-30 07:30:45', '2025-01-30 07:30:45'),
(18, 3, 4, 2, '2025-01-30 07:30:45', '2025-01-30 07:30:45'),
(19, 3, 5, 2, '2025-01-30 07:30:45', '2025-01-30 07:30:45'),
(20, 4, 1, 2, '2025-01-30 07:31:57', '2025-01-30 07:31:57'),
(21, 4, 2, 2, '2025-01-30 07:31:57', '2025-01-30 07:31:57'),
(22, 4, 3, 2, '2025-01-30 07:31:57', '2025-01-30 07:31:57'),
(23, 4, 4, 2, '2025-01-30 07:31:57', '2025-01-30 07:31:57'),
(24, 4, 5, 2, '2025-01-30 07:31:57', '2025-01-30 07:31:57'),
(25, 5, 1, 4, '2025-01-30 07:37:52', '2025-01-30 07:37:52'),
(26, 5, 2, 4, '2025-01-30 07:37:52', '2025-01-30 07:37:52'),
(27, 5, 3, 4, '2025-01-30 07:37:52', '2025-01-30 07:37:52'),
(28, 5, 4, 4, '2025-01-30 07:37:52', '2025-01-30 07:37:52'),
(29, 5, 5, 4, '2025-01-30 07:37:52', '2025-01-30 07:37:52'),
(30, 6, 1, 3, '2025-02-02 07:11:30', '2025-02-02 07:11:30'),
(31, 6, 2, 2, '2025-02-02 07:11:30', '2025-02-02 07:11:30'),
(32, 6, 3, 1, '2025-02-02 07:11:30', '2025-02-02 07:11:30'),
(33, 6, 4, 1, '2025-02-02 07:11:30', '2025-02-02 07:11:30'),
(34, 6, 5, 1, '2025-02-02 07:11:30', '2025-02-02 07:11:30'),
(35, 7, 1, 2, '2025-02-02 07:28:44', '2025-02-02 07:28:44'),
(36, 7, 2, 4, '2025-02-02 07:28:44', '2025-02-02 07:28:44'),
(37, 7, 3, 3, '2025-02-02 07:28:44', '2025-02-02 07:28:44'),
(38, 7, 4, 3, '2025-02-02 07:28:44', '2025-02-02 07:28:44'),
(39, 7, 5, 2, '2025-02-02 07:28:44', '2025-02-02 07:28:44'),
(40, 8, 1, 3, '2025-02-05 06:49:47', '2025-02-05 06:49:47'),
(41, 8, 2, 3, '2025-02-05 06:49:47', '2025-02-05 06:49:47'),
(42, 8, 3, 4, '2025-02-05 06:49:47', '2025-02-05 06:49:47'),
(43, 8, 4, 3, '2025-02-05 06:49:47', '2025-02-05 06:49:47'),
(44, 8, 5, 2, '2025-02-05 06:49:47', '2025-02-05 06:49:47'),
(45, 9, 1, 2, '2025-02-05 08:52:07', '2025-02-05 08:52:07'),
(46, 9, 2, 3, '2025-02-05 08:52:07', '2025-02-05 08:52:07'),
(47, 9, 3, 2, '2025-02-05 08:52:07', '2025-02-05 08:52:07'),
(48, 9, 4, 1, '2025-02-05 08:52:07', '2025-02-05 08:52:07'),
(49, 9, 5, 1, '2025-02-05 08:52:07', '2025-02-05 08:52:07'),
(50, 10, 1, 1, '2025-02-05 09:40:48', '2025-02-05 09:40:48'),
(51, 10, 2, 2, '2025-02-05 09:40:48', '2025-02-05 09:40:48'),
(52, 10, 3, 1, '2025-02-05 09:40:48', '2025-02-05 09:40:48'),
(53, 10, 4, 3, '2025-02-05 09:40:48', '2025-02-05 09:40:48'),
(54, 10, 5, 1, '2025-02-05 09:40:48', '2025-02-05 09:40:48'),
(55, 11, 6, 10, '2025-02-06 10:05:26', '2025-02-06 10:05:26'),
(56, 11, 7, 9, '2025-02-06 10:05:26', '2025-02-06 10:05:26'),
(57, 11, 8, 9, '2025-02-06 10:05:26', '2025-02-06 10:05:26'),
(58, 11, 9, 10, '2025-02-06 10:05:26', '2025-02-06 10:05:26'),
(59, 11, 10, 9, '2025-02-06 10:05:26', '2025-02-06 10:05:26'),
(60, 11, 11, 10, '2025-02-06 10:05:26', '2025-02-06 10:05:26'),
(61, 11, 12, 9, '2025-02-06 10:05:26', '2025-02-06 10:05:26'),
(62, 11, 13, 10, '2025-02-06 10:05:26', '2025-02-06 10:05:26'),
(63, 11, 14, 10, '2025-02-06 10:05:26', '2025-02-06 10:05:26'),
(64, 12, 1, 2, '2025-02-07 16:59:08', '2025-02-07 16:59:08'),
(65, 12, 2, 2, '2025-02-07 16:59:08', '2025-02-07 16:59:08'),
(66, 12, 3, 2, '2025-02-07 16:59:08', '2025-02-07 16:59:08'),
(67, 12, 4, 2, '2025-02-07 16:59:08', '2025-02-07 16:59:08'),
(68, 12, 5, 2, '2025-02-07 16:59:08', '2025-02-07 16:59:08'),
(69, 13, 1, 4, '2025-02-07 18:05:37', '2025-02-07 18:05:37'),
(70, 13, 2, 4, '2025-02-07 18:05:37', '2025-02-07 18:05:37'),
(71, 13, 3, 4, '2025-02-07 18:05:37', '2025-02-07 18:05:37'),
(72, 13, 4, 4, '2025-02-07 18:05:37', '2025-02-07 18:05:37'),
(73, 13, 5, 4, '2025-02-07 18:05:37', '2025-02-07 18:05:37'),
(74, 14, 1, 4, '2025-02-13 07:02:25', '2025-02-13 07:02:25'),
(75, 14, 2, 4, '2025-02-13 07:02:25', '2025-02-13 07:02:25'),
(76, 14, 3, 4, '2025-02-13 07:02:25', '2025-02-13 07:02:25'),
(77, 14, 4, 4, '2025-02-13 07:02:25', '2025-02-13 07:02:25'),
(78, 14, 5, 4, '2025-02-13 07:02:25', '2025-02-13 07:02:25'),
(79, 15, 1, 4, '2025-02-13 09:40:49', '2025-02-13 09:40:49'),
(80, 15, 2, 4, '2025-02-13 09:40:49', '2025-02-13 09:40:49'),
(81, 15, 3, 4, '2025-02-13 09:40:49', '2025-02-13 09:40:49'),
(82, 15, 4, 4, '2025-02-13 09:40:49', '2025-02-13 09:40:49'),
(83, 15, 5, 4, '2025-02-13 09:40:49', '2025-02-13 09:40:49'),
(84, 16, 1, 4, '2025-02-13 09:53:24', '2025-02-13 09:53:24'),
(85, 16, 2, 3, '2025-02-13 09:53:24', '2025-02-13 09:53:24'),
(86, 16, 3, 4, '2025-02-13 09:53:24', '2025-02-13 09:53:24'),
(87, 16, 4, 4, '2025-02-13 09:53:24', '2025-02-13 09:53:24'),
(88, 16, 5, 4, '2025-02-13 09:53:24', '2025-02-13 09:53:24'),
(89, 17, 1, 4, '2025-02-14 07:42:09', '2025-02-14 07:42:09'),
(90, 17, 2, 3, '2025-02-14 07:42:09', '2025-02-14 07:42:09'),
(91, 17, 3, 4, '2025-02-14 07:42:09', '2025-02-14 07:42:09'),
(92, 17, 4, 4, '2025-02-14 07:42:09', '2025-02-14 07:42:09'),
(93, 17, 5, 3, '2025-02-14 07:42:09', '2025-02-14 07:42:09'),
(94, 18, 6, 12, '2025-02-14 09:45:09', '2025-02-14 09:45:09'),
(95, 18, 7, 10, '2025-02-14 09:45:09', '2025-02-14 09:45:09'),
(96, 18, 8, 11, '2025-02-14 09:45:09', '2025-02-14 09:45:09'),
(97, 18, 9, 12, '2025-02-14 09:45:09', '2025-02-14 09:45:09'),
(98, 18, 10, 12, '2025-02-14 09:45:09', '2025-02-14 09:45:09'),
(99, 18, 11, 12, '2025-02-14 09:45:09', '2025-02-14 09:45:09'),
(100, 18, 12, 12, '2025-02-14 09:45:09', '2025-02-14 09:45:09'),
(101, 18, 13, 12, '2025-02-14 09:45:09', '2025-02-14 09:45:09'),
(102, 18, 14, 12, '2025-02-14 09:45:09', '2025-02-14 09:45:09'),
(103, 19, 1, 1, '2025-02-15 06:30:13', '2025-02-15 06:30:13'),
(104, 19, 2, 1, '2025-02-15 06:30:13', '2025-02-15 06:30:13'),
(105, 19, 3, 1, '2025-02-15 06:30:13', '2025-02-15 06:30:13'),
(106, 19, 4, 1, '2025-02-15 06:30:13', '2025-02-15 06:30:13'),
(107, 19, 5, 1, '2025-02-15 06:30:13', '2025-02-15 06:30:13'),
(108, 20, 1, 4, '2025-02-15 06:30:29', '2025-02-15 06:30:29'),
(109, 20, 2, 4, '2025-02-15 06:30:29', '2025-02-15 06:30:29'),
(110, 20, 3, 4, '2025-02-15 06:30:29', '2025-02-15 06:30:29'),
(111, 20, 4, 4, '2025-02-15 06:30:29', '2025-02-15 06:30:29'),
(112, 20, 5, 4, '2025-02-15 06:30:29', '2025-02-15 06:30:29'),
(113, 21, 1, 2, '2025-02-15 06:40:33', '2025-02-15 06:40:33'),
(114, 21, 2, 3, '2025-02-15 06:40:33', '2025-02-15 06:40:33'),
(115, 21, 3, 2, '2025-02-15 06:40:33', '2025-02-15 06:40:33'),
(116, 21, 4, 1, '2025-02-15 06:40:33', '2025-02-15 06:40:33'),
(117, 21, 5, 3, '2025-02-15 06:40:33', '2025-02-15 06:40:33'),
(118, 22, 6, 10, '2025-02-15 06:41:47', '2025-02-15 06:41:47'),
(119, 22, 7, 10, '2025-02-15 06:41:47', '2025-02-15 06:41:47'),
(120, 22, 8, 11, '2025-02-15 06:41:47', '2025-02-15 06:41:47'),
(121, 22, 9, 10, '2025-02-15 06:41:47', '2025-02-15 06:41:47'),
(122, 22, 10, 11, '2025-02-15 06:41:47', '2025-02-15 06:41:47'),
(123, 22, 11, 9, '2025-02-15 06:41:47', '2025-02-15 06:41:47'),
(124, 22, 12, 9, '2025-02-15 06:41:47', '2025-02-15 06:41:47'),
(125, 22, 13, 10, '2025-02-15 06:41:47', '2025-02-15 06:41:47'),
(126, 22, 14, 10, '2025-02-15 06:41:47', '2025-02-15 06:41:47'),
(127, 23, 6, 12, '2025-02-15 06:42:10', '2025-02-15 06:42:10'),
(128, 23, 7, 12, '2025-02-15 06:42:10', '2025-02-15 06:42:10'),
(129, 23, 8, 12, '2025-02-15 06:42:10', '2025-02-15 06:42:10'),
(130, 23, 9, 12, '2025-02-15 06:42:10', '2025-02-15 06:42:10'),
(131, 23, 10, 12, '2025-02-15 06:42:10', '2025-02-15 06:42:10'),
(132, 23, 11, 12, '2025-02-15 06:42:10', '2025-02-15 06:42:10'),
(133, 23, 12, 12, '2025-02-15 06:42:10', '2025-02-15 06:42:10'),
(134, 23, 13, 12, '2025-02-15 06:42:10', '2025-02-15 06:42:10'),
(135, 23, 14, 12, '2025-02-15 06:42:10', '2025-02-15 06:42:10'),
(136, 24, 1, 3, '2025-02-15 07:11:15', '2025-02-15 07:11:15'),
(137, 24, 2, 4, '2025-02-15 07:11:15', '2025-02-15 07:11:15'),
(138, 24, 3, 2, '2025-02-15 07:11:15', '2025-02-15 07:11:15'),
(139, 24, 4, 1, '2025-02-15 07:11:15', '2025-02-15 07:11:15'),
(140, 24, 5, 2, '2025-02-15 07:11:15', '2025-02-15 07:11:15'),
(141, 25, 1, 4, '2025-02-15 07:18:57', '2025-02-15 07:18:57'),
(142, 25, 2, 4, '2025-02-15 07:18:57', '2025-02-15 07:18:57'),
(143, 25, 3, 3, '2025-02-15 07:18:57', '2025-02-15 07:18:57'),
(144, 25, 4, 4, '2025-02-15 07:18:57', '2025-02-15 07:18:57'),
(145, 25, 5, 3, '2025-02-15 07:18:57', '2025-02-15 07:18:57'),
(146, 26, 1, 2, '2025-02-15 07:19:16', '2025-02-15 07:19:16'),
(147, 26, 2, 1, '2025-02-15 07:19:16', '2025-02-15 07:19:16'),
(148, 26, 3, 2, '2025-02-15 07:19:16', '2025-02-15 07:19:16'),
(149, 26, 4, 1, '2025-02-15 07:19:16', '2025-02-15 07:19:16'),
(150, 26, 5, 2, '2025-02-15 07:19:16', '2025-02-15 07:19:16'),
(151, 27, 1, 4, '2025-02-15 07:19:29', '2025-02-15 07:19:29'),
(152, 27, 2, 4, '2025-02-15 07:19:29', '2025-02-15 07:19:29'),
(153, 27, 3, 4, '2025-02-15 07:19:29', '2025-02-15 07:19:29'),
(154, 27, 4, 4, '2025-02-15 07:19:29', '2025-02-15 07:19:29'),
(155, 27, 5, 4, '2025-02-15 07:19:29', '2025-02-15 07:19:29'),
(156, 28, 1, 2, '2025-02-15 07:20:08', '2025-02-15 07:20:08'),
(157, 28, 2, 3, '2025-02-15 07:20:08', '2025-02-15 07:20:08'),
(158, 28, 3, 2, '2025-02-15 07:20:08', '2025-02-15 07:20:08'),
(159, 28, 4, 3, '2025-02-15 07:20:08', '2025-02-15 07:20:08'),
(160, 28, 5, 2, '2025-02-15 07:20:08', '2025-02-15 07:20:08'),
(161, 29, 1, 2, '2025-02-15 07:20:23', '2025-02-15 07:20:23'),
(162, 29, 2, 3, '2025-02-15 07:20:23', '2025-02-15 07:20:23'),
(163, 29, 3, 3, '2025-02-15 07:20:23', '2025-02-15 07:20:23'),
(164, 29, 4, 3, '2025-02-15 07:20:23', '2025-02-15 07:20:23'),
(165, 29, 5, 3, '2025-02-15 07:20:23', '2025-02-15 07:20:23'),
(166, 30, 6, 11, '2025-02-15 07:24:02', '2025-02-15 07:24:02'),
(167, 30, 7, 12, '2025-02-15 07:24:02', '2025-02-15 07:24:02'),
(168, 30, 8, 11, '2025-02-15 07:24:02', '2025-02-15 07:24:02'),
(169, 30, 9, 12, '2025-02-15 07:24:02', '2025-02-15 07:24:02'),
(170, 30, 10, 11, '2025-02-15 07:24:02', '2025-02-15 07:24:02'),
(171, 30, 11, 12, '2025-02-15 07:24:02', '2025-02-15 07:24:02'),
(172, 30, 12, 12, '2025-02-15 07:24:02', '2025-02-15 07:24:02'),
(173, 30, 13, 12, '2025-02-15 07:24:02', '2025-02-15 07:24:02'),
(174, 30, 14, 11, '2025-02-15 07:24:02', '2025-02-15 07:24:02'),
(175, 31, 6, 12, '2025-02-15 07:26:03', '2025-02-15 07:26:03'),
(176, 31, 7, 10, '2025-02-15 07:26:03', '2025-02-15 07:26:03'),
(177, 31, 8, 9, '2025-02-15 07:26:03', '2025-02-15 07:26:03'),
(178, 31, 9, 10, '2025-02-15 07:26:03', '2025-02-15 07:26:03'),
(179, 31, 10, 9, '2025-02-15 07:26:03', '2025-02-15 07:26:03'),
(180, 31, 11, 9, '2025-02-15 07:26:03', '2025-02-15 07:26:03'),
(181, 31, 12, 9, '2025-02-15 07:26:03', '2025-02-15 07:26:03'),
(182, 31, 13, 10, '2025-02-15 07:26:03', '2025-02-15 07:26:03'),
(183, 31, 14, 10, '2025-02-15 07:26:03', '2025-02-15 07:26:03'),
(184, 32, 15, 14, '2025-02-15 07:27:52', '2025-02-15 07:27:52'),
(185, 32, 16, 14, '2025-02-15 07:27:52', '2025-02-15 07:27:52'),
(186, 32, 17, 13, '2025-02-15 07:27:52', '2025-02-15 07:27:52'),
(187, 32, 18, 15, '2025-02-15 07:27:52', '2025-02-15 07:27:52'),
(188, 32, 19, 14, '2025-02-15 07:27:52', '2025-02-15 07:27:52'),
(189, 32, 20, 15, '2025-02-15 07:27:52', '2025-02-15 07:27:52'),
(190, 32, 21, 14, '2025-02-15 07:27:52', '2025-02-15 07:27:52'),
(191, 32, 22, 15, '2025-02-15 07:27:52', '2025-02-15 07:27:52'),
(192, 32, 23, 14, '2025-02-15 07:27:52', '2025-02-15 07:27:52'),
(193, 32, 24, 15, '2025-02-15 07:27:52', '2025-02-15 07:27:52'),
(194, 32, 25, 14, '2025-02-15 07:27:52', '2025-02-15 07:27:52'),
(195, 32, 26, 15, '2025-02-15 07:27:52', '2025-02-15 07:27:52'),
(196, 32, 27, 14, '2025-02-15 07:27:52', '2025-02-15 07:27:52'),
(197, 32, 28, 15, '2025-02-15 07:27:52', '2025-02-15 07:27:52'),
(198, 32, 29, 14, '2025-02-15 07:27:52', '2025-02-15 07:27:52'),
(199, 32, 30, 15, '2025-02-15 07:27:52', '2025-02-15 07:27:52'),
(200, 32, 31, 14, '2025-02-15 07:27:52', '2025-02-15 07:27:52'),
(201, 32, 32, 15, '2025-02-15 07:27:52', '2025-02-15 07:27:52'),
(202, 32, 33, 14, '2025-02-15 07:27:52', '2025-02-15 07:27:52'),
(203, 32, 34, 13, '2025-02-15 07:27:52', '2025-02-15 07:27:52'),
(204, 34, 6, 10, '2025-02-15 08:07:05', '2025-02-15 08:07:05'),
(205, 34, 7, 9, '2025-02-15 08:07:05', '2025-02-15 08:07:05'),
(206, 34, 8, 9, '2025-02-15 08:07:05', '2025-02-15 08:07:05'),
(207, 34, 9, 9, '2025-02-15 08:07:05', '2025-02-15 08:07:05'),
(208, 34, 10, 9, '2025-02-15 08:07:05', '2025-02-15 08:07:05'),
(209, 34, 11, 9, '2025-02-15 08:07:05', '2025-02-15 08:07:05'),
(210, 34, 12, 10, '2025-02-15 08:07:05', '2025-02-15 08:07:05'),
(211, 34, 13, 10, '2025-02-15 08:07:05', '2025-02-15 08:07:05'),
(212, 34, 14, 9, '2025-02-15 08:07:05', '2025-02-15 08:07:05'),
(213, 35, 6, 10, '2025-02-16 09:09:53', '2025-02-16 09:09:53'),
(214, 35, 7, 9, '2025-02-16 09:09:53', '2025-02-16 09:09:53'),
(215, 35, 8, 10, '2025-02-16 09:09:53', '2025-02-16 09:09:53'),
(216, 35, 9, 10, '2025-02-16 09:09:53', '2025-02-16 09:09:53'),
(217, 35, 10, 10, '2025-02-16 09:09:53', '2025-02-16 09:09:53'),
(218, 35, 11, 9, '2025-02-16 09:09:53', '2025-02-16 09:09:53'),
(219, 35, 12, 10, '2025-02-16 09:09:53', '2025-02-16 09:09:53'),
(220, 35, 13, 9, '2025-02-16 09:09:53', '2025-02-16 09:09:53'),
(221, 35, 14, 9, '2025-02-16 09:09:53', '2025-02-16 09:09:53'),
(222, 36, 15, 14, '2025-02-16 09:16:10', '2025-02-16 09:16:10'),
(223, 36, 16, 14, '2025-02-16 09:16:10', '2025-02-16 09:16:10'),
(224, 36, 17, 16, '2025-02-16 09:16:10', '2025-02-16 09:16:10'),
(225, 36, 18, 16, '2025-02-16 09:16:10', '2025-02-16 09:16:10'),
(226, 36, 19, 15, '2025-02-16 09:16:10', '2025-02-16 09:16:10'),
(227, 36, 20, 16, '2025-02-16 09:16:10', '2025-02-16 09:16:10'),
(228, 36, 21, 16, '2025-02-16 09:16:10', '2025-02-16 09:16:10'),
(229, 36, 22, 14, '2025-02-16 09:16:10', '2025-02-16 09:16:10'),
(230, 36, 23, 15, '2025-02-16 09:16:10', '2025-02-16 09:16:10'),
(231, 36, 24, 16, '2025-02-16 09:16:10', '2025-02-16 09:16:10'),
(232, 36, 25, 14, '2025-02-16 09:16:10', '2025-02-16 09:16:10'),
(233, 36, 26, 15, '2025-02-16 09:16:10', '2025-02-16 09:16:10'),
(234, 36, 27, 16, '2025-02-16 09:16:10', '2025-02-16 09:16:10'),
(235, 36, 28, 14, '2025-02-16 09:16:10', '2025-02-16 09:16:10'),
(236, 36, 29, 13, '2025-02-16 09:16:10', '2025-02-16 09:16:10'),
(237, 36, 30, 14, '2025-02-16 09:16:10', '2025-02-16 09:16:10'),
(238, 36, 31, 16, '2025-02-16 09:16:10', '2025-02-16 09:16:10'),
(239, 36, 32, 15, '2025-02-16 09:16:10', '2025-02-16 09:16:10'),
(240, 36, 33, 15, '2025-02-16 09:16:10', '2025-02-16 09:16:10'),
(241, 36, 34, 16, '2025-02-16 09:16:10', '2025-02-16 09:16:10'),
(242, 37, 1, 4, '2025-02-17 15:50:44', '2025-02-17 15:50:44'),
(243, 37, 2, 4, '2025-02-17 15:50:44', '2025-02-17 15:50:44'),
(244, 37, 3, 4, '2025-02-17 15:50:44', '2025-02-17 15:50:44'),
(245, 37, 4, 4, '2025-02-17 15:50:44', '2025-02-17 15:50:44'),
(246, 37, 5, 4, '2025-02-17 15:50:44', '2025-02-17 15:50:44'),
(247, 38, 6, 12, '2025-02-17 16:21:41', '2025-02-17 16:21:41'),
(248, 38, 7, 12, '2025-02-17 16:21:41', '2025-02-17 16:21:41'),
(249, 38, 8, 12, '2025-02-17 16:21:41', '2025-02-17 16:21:41'),
(250, 38, 9, 12, '2025-02-17 16:21:41', '2025-02-17 16:21:41'),
(251, 38, 10, 12, '2025-02-17 16:21:41', '2025-02-17 16:21:41'),
(252, 38, 11, 12, '2025-02-17 16:21:41', '2025-02-17 16:21:41'),
(253, 38, 12, 12, '2025-02-17 16:21:41', '2025-02-17 16:21:41'),
(254, 38, 13, 12, '2025-02-17 16:21:41', '2025-02-17 16:21:41'),
(255, 38, 14, 12, '2025-02-17 16:21:41', '2025-02-17 16:21:41'),
(256, 39, 1, 4, '2025-02-18 04:34:24', '2025-02-18 04:34:24'),
(257, 39, 2, 4, '2025-02-18 04:34:24', '2025-02-18 04:34:24'),
(258, 39, 3, 4, '2025-02-18 04:34:24', '2025-02-18 04:34:24'),
(259, 39, 4, 4, '2025-02-18 04:34:24', '2025-02-18 04:34:24'),
(260, 39, 5, 4, '2025-02-18 04:34:24', '2025-02-18 04:34:24'),
(261, 40, 1, 3, '2025-02-18 04:43:59', '2025-02-18 04:43:59'),
(262, 40, 2, 3, '2025-02-18 04:43:59', '2025-02-18 04:43:59'),
(263, 40, 3, 3, '2025-02-18 04:43:59', '2025-02-18 04:43:59'),
(264, 40, 4, 4, '2025-02-18 04:43:59', '2025-02-18 04:43:59'),
(265, 40, 5, 2, '2025-02-18 04:43:59', '2025-02-18 04:43:59'),
(266, 42, 6, 12, '2025-02-23 11:00:11', '2025-02-23 11:00:11'),
(267, 42, 7, 12, '2025-02-23 11:00:11', '2025-02-23 11:00:11'),
(268, 42, 8, 12, '2025-02-23 11:00:11', '2025-02-23 11:00:11'),
(269, 42, 9, 12, '2025-02-23 11:00:11', '2025-02-23 11:00:11'),
(270, 42, 10, 12, '2025-02-23 11:00:11', '2025-02-23 11:00:11'),
(271, 42, 11, 10, '2025-02-23 11:00:11', '2025-02-23 11:00:11'),
(272, 42, 12, 12, '2025-02-23 11:00:11', '2025-02-23 11:00:11'),
(273, 42, 13, 12, '2025-02-23 11:00:11', '2025-02-23 11:00:11'),
(274, 42, 14, 10, '2025-02-23 11:00:11', '2025-02-23 11:00:11'),
(275, 42, 35, 9, '2025-02-23 11:00:11', '2025-02-23 11:00:11'),
(276, 43, 1, 4, '2025-02-23 11:06:25', '2025-02-23 11:06:25'),
(277, 43, 2, 4, '2025-02-23 11:06:25', '2025-02-23 11:06:25'),
(278, 43, 3, 4, '2025-02-23 11:06:25', '2025-02-23 11:06:25'),
(279, 43, 4, 4, '2025-02-23 11:06:25', '2025-02-23 11:06:25'),
(280, 43, 5, 4, '2025-02-23 11:06:25', '2025-02-23 11:06:25'),
(281, 44, 1, 4, '2025-02-23 11:09:57', '2025-02-23 11:09:57'),
(282, 44, 2, 4, '2025-02-23 11:09:57', '2025-02-23 11:09:57'),
(283, 44, 3, 4, '2025-02-23 11:09:57', '2025-02-23 11:09:57'),
(284, 44, 4, 4, '2025-02-23 11:09:57', '2025-02-23 11:09:57'),
(285, 44, 5, 4, '2025-02-23 11:09:57', '2025-02-23 11:09:57'),
(286, 45, 1, 4, '2025-02-23 11:12:57', '2025-02-23 11:12:57'),
(287, 45, 2, 4, '2025-02-23 11:12:57', '2025-02-23 11:12:57'),
(288, 45, 3, 4, '2025-02-23 11:12:57', '2025-02-23 11:12:57'),
(289, 45, 4, 4, '2025-02-23 11:12:57', '2025-02-23 11:12:57'),
(290, 45, 5, 4, '2025-02-23 11:12:57', '2025-02-23 11:12:57'),
(291, 46, 1, 4, '2025-02-23 11:16:19', '2025-02-23 11:16:19'),
(292, 46, 2, 4, '2025-02-23 11:16:19', '2025-02-23 11:16:19'),
(293, 46, 3, 4, '2025-02-23 11:16:19', '2025-02-23 11:16:19'),
(294, 46, 4, 4, '2025-02-23 11:16:19', '2025-02-23 11:16:19'),
(295, 46, 5, 4, '2025-02-23 11:16:19', '2025-02-23 11:16:19'),
(296, 47, 15, 14, '2025-02-27 04:18:30', '2025-02-27 04:18:30'),
(297, 47, 16, 14, '2025-02-27 04:18:30', '2025-02-27 04:18:30'),
(298, 47, 17, 15, '2025-02-27 04:18:30', '2025-02-27 04:18:30'),
(299, 47, 18, 16, '2025-02-27 04:18:30', '2025-02-27 04:18:30'),
(300, 47, 19, 14, '2025-02-27 04:18:30', '2025-02-27 04:18:30'),
(301, 47, 20, 16, '2025-02-27 04:18:30', '2025-02-27 04:18:30'),
(302, 47, 21, 16, '2025-02-27 04:18:30', '2025-02-27 04:18:30'),
(303, 47, 22, 14, '2025-02-27 04:18:30', '2025-02-27 04:18:30'),
(304, 47, 23, 15, '2025-02-27 04:18:30', '2025-02-27 04:18:30'),
(305, 47, 24, 14, '2025-02-27 04:18:30', '2025-02-27 04:18:30'),
(306, 47, 25, 15, '2025-02-27 04:18:30', '2025-02-27 04:18:30'),
(307, 47, 26, 14, '2025-02-27 04:18:30', '2025-02-27 04:18:30'),
(308, 47, 27, 15, '2025-02-27 04:18:30', '2025-02-27 04:18:30'),
(309, 47, 28, 14, '2025-02-27 04:18:30', '2025-02-27 04:18:30'),
(310, 47, 29, 13, '2025-02-27 04:18:30', '2025-02-27 04:18:30'),
(311, 47, 30, 14, '2025-02-27 04:18:30', '2025-02-27 04:18:30'),
(312, 47, 31, 16, '2025-02-27 04:18:30', '2025-02-27 04:18:30'),
(313, 47, 32, 14, '2025-02-27 04:18:30', '2025-02-27 04:18:30'),
(314, 47, 33, 14, '2025-02-27 04:18:30', '2025-02-27 04:18:30'),
(315, 47, 34, 14, '2025-02-27 04:18:30', '2025-02-27 04:18:30'),
(316, 50, 15, 16, '2025-03-08 07:18:33', '2025-03-08 07:18:33'),
(317, 50, 16, 15, '2025-03-08 07:18:33', '2025-03-08 07:18:33'),
(318, 50, 17, 16, '2025-03-08 07:18:33', '2025-03-08 07:18:33'),
(319, 50, 18, 14, '2025-03-08 07:18:33', '2025-03-08 07:18:33'),
(320, 50, 19, 13, '2025-03-08 07:18:33', '2025-03-08 07:18:33'),
(321, 50, 20, 15, '2025-03-08 07:18:33', '2025-03-08 07:18:33'),
(322, 50, 21, 16, '2025-03-08 07:18:33', '2025-03-08 07:18:33'),
(323, 50, 22, 15, '2025-03-08 07:18:33', '2025-03-08 07:18:33'),
(324, 50, 23, 16, '2025-03-08 07:18:33', '2025-03-08 07:18:33'),
(325, 50, 24, 14, '2025-03-08 07:18:33', '2025-03-08 07:18:33'),
(326, 50, 25, 16, '2025-03-08 07:18:33', '2025-03-08 07:18:33'),
(327, 50, 26, 16, '2025-03-08 07:18:33', '2025-03-08 07:18:33'),
(328, 50, 27, 13, '2025-03-08 07:18:33', '2025-03-08 07:18:33'),
(329, 50, 28, 16, '2025-03-08 07:18:33', '2025-03-08 07:18:33'),
(330, 50, 29, 16, '2025-03-08 07:18:33', '2025-03-08 07:18:33'),
(331, 50, 30, 15, '2025-03-08 07:18:33', '2025-03-08 07:18:33'),
(332, 50, 31, 15, '2025-03-08 07:18:33', '2025-03-08 07:18:33'),
(333, 50, 32, 15, '2025-03-08 07:18:33', '2025-03-08 07:18:33'),
(334, 50, 33, 16, '2025-03-08 07:18:33', '2025-03-08 07:18:33'),
(335, 50, 34, 16, '2025-03-08 07:18:33', '2025-03-08 07:18:33'),
(336, 51, 15, 16, '2025-03-08 07:42:46', '2025-03-08 07:42:46'),
(337, 51, 16, 16, '2025-03-08 07:42:46', '2025-03-08 07:42:46'),
(338, 51, 17, 16, '2025-03-08 07:42:46', '2025-03-08 07:42:46'),
(339, 51, 18, 15, '2025-03-08 07:42:46', '2025-03-08 07:42:46'),
(340, 51, 19, 16, '2025-03-08 07:42:46', '2025-03-08 07:42:46'),
(341, 51, 20, 15, '2025-03-08 07:42:46', '2025-03-08 07:42:46'),
(342, 51, 21, 16, '2025-03-08 07:42:46', '2025-03-08 07:42:46'),
(343, 51, 22, 15, '2025-03-08 07:42:46', '2025-03-08 07:42:46'),
(344, 51, 23, 16, '2025-03-08 07:42:46', '2025-03-08 07:42:46'),
(345, 51, 24, 15, '2025-03-08 07:42:46', '2025-03-08 07:42:46'),
(346, 51, 25, 16, '2025-03-08 07:42:46', '2025-03-08 07:42:46'),
(347, 51, 26, 15, '2025-03-08 07:42:46', '2025-03-08 07:42:46'),
(348, 51, 27, 16, '2025-03-08 07:42:46', '2025-03-08 07:42:46'),
(349, 51, 28, 16, '2025-03-08 07:42:46', '2025-03-08 07:42:46'),
(350, 51, 29, 16, '2025-03-08 07:42:46', '2025-03-08 07:42:46'),
(351, 51, 30, 16, '2025-03-08 07:42:46', '2025-03-08 07:42:46'),
(352, 51, 31, 16, '2025-03-08 07:42:46', '2025-03-08 07:42:46'),
(353, 51, 32, 16, '2025-03-08 07:42:46', '2025-03-08 07:42:46'),
(354, 51, 33, 16, '2025-03-08 07:42:46', '2025-03-08 07:42:46'),
(355, 51, 34, 16, '2025-03-08 07:42:46', '2025-03-08 07:42:46'),
(356, 52, 1, 1, '2025-03-08 08:07:00', '2025-03-08 08:07:00'),
(357, 52, 2, 2, '2025-03-08 08:07:00', '2025-03-08 08:07:00'),
(358, 52, 3, 1, '2025-03-08 08:07:00', '2025-03-08 08:07:00'),
(359, 52, 4, 2, '2025-03-08 08:07:00', '2025-03-08 08:07:00'),
(360, 52, 5, 2, '2025-03-08 08:07:00', '2025-03-08 08:07:00'),
(361, 53, 6, 11, '2025-03-08 08:09:49', '2025-03-08 08:09:49'),
(362, 53, 7, 10, '2025-03-08 08:09:49', '2025-03-08 08:09:49'),
(363, 53, 8, 12, '2025-03-08 08:09:49', '2025-03-08 08:09:49'),
(364, 53, 9, 12, '2025-03-08 08:09:49', '2025-03-08 08:09:49'),
(365, 53, 10, 12, '2025-03-08 08:09:49', '2025-03-08 08:09:49'),
(366, 53, 11, 12, '2025-03-08 08:09:49', '2025-03-08 08:09:49'),
(367, 53, 12, 12, '2025-03-08 08:09:49', '2025-03-08 08:09:49'),
(368, 53, 13, 12, '2025-03-08 08:09:49', '2025-03-08 08:09:49'),
(369, 53, 14, 12, '2025-03-08 08:09:49', '2025-03-08 08:09:49'),
(370, 54, 15, 14, '2025-03-08 09:08:19', '2025-03-08 09:08:19'),
(371, 54, 16, 15, '2025-03-08 09:08:19', '2025-03-08 09:08:19'),
(372, 54, 17, 15, '2025-03-08 09:08:19', '2025-03-08 09:08:19'),
(373, 54, 18, 16, '2025-03-08 09:08:19', '2025-03-08 09:08:19'),
(374, 54, 19, 14, '2025-03-08 09:08:19', '2025-03-08 09:08:19'),
(375, 54, 20, 15, '2025-03-08 09:08:19', '2025-03-08 09:08:19'),
(376, 54, 21, 16, '2025-03-08 09:08:19', '2025-03-08 09:08:19'),
(377, 54, 22, 15, '2025-03-08 09:08:19', '2025-03-08 09:08:19'),
(378, 54, 23, 14, '2025-03-08 09:08:19', '2025-03-08 09:08:19'),
(379, 54, 24, 16, '2025-03-08 09:08:19', '2025-03-08 09:08:19'),
(380, 54, 25, 16, '2025-03-08 09:08:19', '2025-03-08 09:08:19'),
(381, 54, 26, 15, '2025-03-08 09:08:19', '2025-03-08 09:08:19'),
(382, 54, 27, 15, '2025-03-08 09:08:19', '2025-03-08 09:08:19'),
(383, 54, 28, 16, '2025-03-08 09:08:19', '2025-03-08 09:08:19'),
(384, 54, 29, 15, '2025-03-08 09:08:19', '2025-03-08 09:08:19'),
(385, 54, 30, 16, '2025-03-08 09:08:19', '2025-03-08 09:08:19'),
(386, 54, 31, 15, '2025-03-08 09:08:19', '2025-03-08 09:08:19'),
(387, 54, 32, 16, '2025-03-08 09:08:19', '2025-03-08 09:08:19'),
(388, 54, 33, 15, '2025-03-08 09:08:19', '2025-03-08 09:08:19'),
(389, 54, 34, 15, '2025-03-08 09:08:19', '2025-03-08 09:08:19'),
(390, 55, 15, 13, '2025-03-08 09:24:39', '2025-03-08 09:24:39'),
(391, 55, 16, 13, '2025-03-08 09:24:39', '2025-03-08 09:24:39'),
(392, 55, 17, 16, '2025-03-08 09:24:39', '2025-03-08 09:24:39'),
(393, 55, 18, 15, '2025-03-08 09:24:39', '2025-03-08 09:24:39'),
(394, 55, 19, 14, '2025-03-08 09:24:39', '2025-03-08 09:24:39'),
(395, 55, 20, 15, '2025-03-08 09:24:39', '2025-03-08 09:24:39'),
(396, 55, 21, 15, '2025-03-08 09:24:39', '2025-03-08 09:24:39'),
(397, 55, 22, 13, '2025-03-08 09:24:39', '2025-03-08 09:24:39'),
(398, 55, 23, 15, '2025-03-08 09:24:39', '2025-03-08 09:24:39'),
(399, 55, 24, 14, '2025-03-08 09:24:39', '2025-03-08 09:24:39'),
(400, 55, 25, 14, '2025-03-08 09:24:39', '2025-03-08 09:24:39'),
(401, 55, 26, 16, '2025-03-08 09:24:39', '2025-03-08 09:24:39'),
(402, 55, 27, 15, '2025-03-08 09:24:39', '2025-03-08 09:24:39'),
(403, 55, 28, 14, '2025-03-08 09:24:39', '2025-03-08 09:24:39'),
(404, 55, 29, 14, '2025-03-08 09:24:39', '2025-03-08 09:24:39'),
(405, 55, 30, 14, '2025-03-08 09:24:39', '2025-03-08 09:24:39'),
(406, 55, 31, 16, '2025-03-08 09:24:39', '2025-03-08 09:24:39'),
(407, 55, 32, 15, '2025-03-08 09:24:39', '2025-03-08 09:24:39'),
(408, 55, 33, 15, '2025-03-08 09:24:39', '2025-03-08 09:24:39'),
(409, 55, 34, 16, '2025-03-08 09:24:39', '2025-03-08 09:24:39'),
(410, 56, 6, 10, '2025-03-10 08:19:39', '2025-03-10 08:19:39'),
(411, 56, 7, 10, '2025-03-10 08:19:39', '2025-03-10 08:19:39'),
(412, 56, 8, 11, '2025-03-10 08:19:39', '2025-03-10 08:19:39'),
(413, 56, 9, 10, '2025-03-10 08:19:39', '2025-03-10 08:19:39'),
(414, 56, 10, 11, '2025-03-10 08:19:39', '2025-03-10 08:19:39'),
(415, 56, 11, 9, '2025-03-10 08:19:39', '2025-03-10 08:19:39'),
(416, 56, 12, 11, '2025-03-10 08:19:39', '2025-03-10 08:19:39'),
(417, 56, 13, 9, '2025-03-10 08:19:39', '2025-03-10 08:19:39'),
(418, 56, 14, 9, '2025-03-10 08:19:39', '2025-03-10 08:19:39'),
(419, 56, 36, 9, '2025-03-10 08:19:39', '2025-03-10 08:19:39'),
(420, 57, 6, 12, '2025-03-10 08:39:07', '2025-03-10 08:39:07'),
(421, 57, 7, 11, '2025-03-10 08:39:07', '2025-03-10 08:39:07'),
(422, 57, 8, 12, '2025-03-10 08:39:07', '2025-03-10 08:39:07'),
(423, 57, 9, 12, '2025-03-10 08:39:07', '2025-03-10 08:39:07'),
(424, 57, 10, 12, '2025-03-10 08:39:07', '2025-03-10 08:39:07'),
(425, 57, 11, 12, '2025-03-10 08:39:07', '2025-03-10 08:39:07'),
(426, 57, 12, 9, '2025-03-10 08:39:07', '2025-03-10 08:39:07'),
(427, 57, 13, 9, '2025-03-10 08:39:07', '2025-03-10 08:39:07'),
(428, 57, 14, 9, '2025-03-10 08:39:07', '2025-03-10 08:39:07'),
(429, 58, 1, 4, '2025-03-10 08:39:58', '2025-03-10 08:39:58'),
(430, 58, 2, 4, '2025-03-10 08:39:58', '2025-03-10 08:39:58'),
(431, 58, 3, 1, '2025-03-10 08:39:58', '2025-03-10 08:39:58'),
(432, 58, 4, 2, '2025-03-10 08:39:58', '2025-03-10 08:39:58'),
(433, 58, 5, 4, '2025-03-10 08:39:58', '2025-03-10 08:39:58'),
(434, 59, 1, 3, '2025-03-10 08:56:30', '2025-03-10 08:56:30'),
(435, 59, 2, 3, '2025-03-10 08:56:30', '2025-03-10 08:56:30'),
(436, 59, 3, 4, '2025-03-10 08:56:30', '2025-03-10 08:56:30'),
(437, 59, 4, 3, '2025-03-10 08:56:30', '2025-03-10 08:56:30'),
(438, 59, 5, 4, '2025-03-10 08:56:30', '2025-03-10 08:56:30'),
(439, 60, 15, 16, '2025-03-10 11:37:46', '2025-03-10 11:37:46'),
(440, 60, 16, 16, '2025-03-10 11:37:46', '2025-03-10 11:37:46'),
(441, 60, 17, 16, '2025-03-10 11:37:46', '2025-03-10 11:37:46'),
(442, 60, 18, 16, '2025-03-10 11:37:46', '2025-03-10 11:37:46'),
(443, 60, 19, 16, '2025-03-10 11:37:46', '2025-03-10 11:37:46'),
(444, 60, 20, 16, '2025-03-10 11:37:46', '2025-03-10 11:37:46'),
(445, 60, 21, 16, '2025-03-10 11:37:46', '2025-03-10 11:37:46'),
(446, 60, 22, 16, '2025-03-10 11:37:46', '2025-03-10 11:37:46'),
(447, 60, 23, 16, '2025-03-10 11:37:46', '2025-03-10 11:37:46'),
(448, 60, 24, 16, '2025-03-10 11:37:46', '2025-03-10 11:37:46'),
(449, 60, 25, 16, '2025-03-10 11:37:46', '2025-03-10 11:37:46'),
(450, 60, 26, 16, '2025-03-10 11:37:46', '2025-03-10 11:37:46'),
(451, 60, 27, 16, '2025-03-10 11:37:46', '2025-03-10 11:37:46'),
(452, 60, 28, 16, '2025-03-10 11:37:46', '2025-03-10 11:37:46'),
(453, 60, 29, 16, '2025-03-10 11:37:46', '2025-03-10 11:37:46'),
(454, 60, 30, 16, '2025-03-10 11:37:46', '2025-03-10 11:37:46'),
(455, 60, 31, 16, '2025-03-10 11:37:46', '2025-03-10 11:37:46'),
(456, 60, 32, 16, '2025-03-10 11:37:46', '2025-03-10 11:37:46'),
(457, 60, 33, 15, '2025-03-10 11:37:46', '2025-03-10 11:37:46'),
(458, 60, 34, 16, '2025-03-10 11:37:46', '2025-03-10 11:37:46'),
(459, 61, 15, 13, '2025-03-10 11:38:09', '2025-03-10 11:38:09'),
(460, 61, 16, 13, '2025-03-10 11:38:09', '2025-03-10 11:38:09'),
(461, 61, 17, 13, '2025-03-10 11:38:09', '2025-03-10 11:38:09'),
(462, 61, 18, 13, '2025-03-10 11:38:09', '2025-03-10 11:38:09'),
(463, 61, 19, 13, '2025-03-10 11:38:09', '2025-03-10 11:38:09'),
(464, 61, 20, 14, '2025-03-10 11:38:09', '2025-03-10 11:38:09'),
(465, 61, 21, 13, '2025-03-10 11:38:09', '2025-03-10 11:38:09'),
(466, 61, 22, 14, '2025-03-10 11:38:09', '2025-03-10 11:38:09'),
(467, 61, 23, 14, '2025-03-10 11:38:09', '2025-03-10 11:38:09'),
(468, 61, 24, 13, '2025-03-10 11:38:09', '2025-03-10 11:38:09'),
(469, 61, 25, 13, '2025-03-10 11:38:09', '2025-03-10 11:38:09'),
(470, 61, 26, 13, '2025-03-10 11:38:09', '2025-03-10 11:38:09'),
(471, 61, 27, 13, '2025-03-10 11:38:09', '2025-03-10 11:38:09'),
(472, 61, 28, 13, '2025-03-10 11:38:09', '2025-03-10 11:38:09'),
(473, 61, 29, 13, '2025-03-10 11:38:09', '2025-03-10 11:38:09'),
(474, 61, 30, 13, '2025-03-10 11:38:09', '2025-03-10 11:38:09'),
(475, 61, 31, 13, '2025-03-10 11:38:09', '2025-03-10 11:38:09'),
(476, 61, 32, 13, '2025-03-10 11:38:09', '2025-03-10 11:38:09'),
(477, 61, 33, 13, '2025-03-10 11:38:09', '2025-03-10 11:38:09'),
(478, 61, 34, 13, '2025-03-10 11:38:09', '2025-03-10 11:38:09'),
(479, 62, 1, 1, '2025-03-10 11:39:37', '2025-03-10 11:39:37'),
(480, 62, 2, 1, '2025-03-10 11:39:37', '2025-03-10 11:39:37'),
(481, 62, 3, 1, '2025-03-10 11:39:37', '2025-03-10 11:39:37'),
(482, 62, 4, 1, '2025-03-10 11:39:37', '2025-03-10 11:39:37'),
(483, 62, 5, 2, '2025-03-10 11:39:37', '2025-03-10 11:39:37'),
(484, 64, 6, 9, '2025-03-10 12:15:55', '2025-03-10 12:15:55'),
(485, 64, 7, 10, '2025-03-10 12:15:55', '2025-03-10 12:15:55'),
(486, 64, 8, 11, '2025-03-10 12:15:55', '2025-03-10 12:15:55'),
(487, 64, 9, 10, '2025-03-10 12:15:55', '2025-03-10 12:15:55'),
(488, 64, 10, 12, '2025-03-10 12:15:55', '2025-03-10 12:15:55'),
(489, 64, 11, 11, '2025-03-10 12:15:55', '2025-03-10 12:15:55'),
(490, 64, 12, 10, '2025-03-10 12:15:55', '2025-03-10 12:15:55'),
(491, 64, 13, 11, '2025-03-10 12:15:55', '2025-03-10 12:15:55'),
(492, 64, 14, 12, '2025-03-10 12:15:55', '2025-03-10 12:15:55'),
(493, 65, 6, 11, '2025-03-10 12:16:38', '2025-03-10 12:16:38'),
(494, 65, 7, 12, '2025-03-10 12:16:38', '2025-03-10 12:16:38'),
(495, 65, 8, 10, '2025-03-10 12:16:38', '2025-03-10 12:16:38'),
(496, 65, 9, 12, '2025-03-10 12:16:38', '2025-03-10 12:16:38'),
(497, 65, 10, 11, '2025-03-10 12:16:38', '2025-03-10 12:16:38'),
(498, 65, 11, 12, '2025-03-10 12:16:38', '2025-03-10 12:16:38'),
(499, 65, 12, 10, '2025-03-10 12:16:38', '2025-03-10 12:16:38'),
(500, 65, 13, 9, '2025-03-10 12:16:38', '2025-03-10 12:16:38'),
(501, 65, 14, 9, '2025-03-10 12:16:38', '2025-03-10 12:16:38'),
(502, 66, 1, 4, '2025-03-10 14:54:48', '2025-03-10 14:54:48'),
(503, 66, 2, 4, '2025-03-10 14:54:48', '2025-03-10 14:54:48'),
(504, 66, 3, 4, '2025-03-10 14:54:48', '2025-03-10 14:54:48'),
(505, 66, 4, 2, '2025-03-10 14:54:48', '2025-03-10 14:54:48'),
(506, 66, 5, 1, '2025-03-10 14:54:48', '2025-03-10 14:54:48'),
(507, 67, 1, 2, '2025-03-10 15:16:21', '2025-03-10 15:16:21'),
(508, 67, 2, 2, '2025-03-10 15:16:21', '2025-03-10 15:16:21'),
(509, 67, 3, 2, '2025-03-10 15:16:21', '2025-03-10 15:16:21'),
(510, 67, 4, 2, '2025-03-10 15:16:21', '2025-03-10 15:16:21'),
(511, 67, 5, 2, '2025-03-10 15:16:21', '2025-03-10 15:16:21'),
(512, 68, 1, 4, '2025-03-10 15:17:19', '2025-03-10 15:17:19'),
(513, 68, 2, 4, '2025-03-10 15:17:19', '2025-03-10 15:17:19'),
(514, 68, 3, 4, '2025-03-10 15:17:19', '2025-03-10 15:17:19'),
(515, 68, 4, 4, '2025-03-10 15:17:19', '2025-03-10 15:17:19'),
(516, 68, 5, 4, '2025-03-10 15:17:19', '2025-03-10 15:17:19'),
(517, 69, 1, 4, '2025-03-10 15:43:26', '2025-03-10 15:43:26'),
(518, 69, 2, 4, '2025-03-10 15:43:26', '2025-03-10 15:43:26'),
(519, 69, 3, 4, '2025-03-10 15:43:26', '2025-03-10 15:43:26'),
(520, 69, 4, 4, '2025-03-10 15:43:26', '2025-03-10 15:43:26'),
(521, 69, 5, 4, '2025-03-10 15:43:26', '2025-03-10 15:43:26'),
(522, 70, 1, 4, '2025-03-10 16:30:23', '2025-03-10 16:30:23'),
(523, 70, 2, 4, '2025-03-10 16:30:23', '2025-03-10 16:30:23'),
(524, 70, 3, 4, '2025-03-10 16:30:23', '2025-03-10 16:30:23'),
(525, 70, 4, 4, '2025-03-10 16:30:23', '2025-03-10 16:30:23'),
(526, 70, 5, 4, '2025-03-10 16:30:23', '2025-03-10 16:30:23'),
(527, 71, 1, 4, '2025-03-10 16:45:34', '2025-03-10 16:45:34'),
(528, 71, 2, 4, '2025-03-10 16:45:34', '2025-03-10 16:45:34'),
(529, 71, 3, 4, '2025-03-10 16:45:34', '2025-03-10 16:45:34'),
(530, 71, 4, 4, '2025-03-10 16:45:34', '2025-03-10 16:45:34'),
(531, 71, 5, 4, '2025-03-10 16:45:34', '2025-03-10 16:45:34'),
(532, 72, 1, 1, '2025-03-10 16:47:24', '2025-03-10 16:47:24'),
(533, 72, 2, 2, '2025-03-10 16:47:24', '2025-03-10 16:47:24'),
(534, 72, 3, 1, '2025-03-10 16:47:24', '2025-03-10 16:47:24'),
(535, 72, 4, 1, '2025-03-10 16:47:24', '2025-03-10 16:47:24'),
(536, 72, 5, 1, '2025-03-10 16:47:24', '2025-03-10 16:47:24'),
(537, 73, 1, 1, '2025-03-10 17:02:19', '2025-03-10 17:02:19'),
(538, 73, 2, 1, '2025-03-10 17:02:19', '2025-03-10 17:02:19'),
(539, 73, 3, 1, '2025-03-10 17:02:19', '2025-03-10 17:02:19'),
(540, 73, 4, 1, '2025-03-10 17:02:19', '2025-03-10 17:02:19'),
(541, 73, 5, 1, '2025-03-10 17:02:19', '2025-03-10 17:02:19'),
(542, 74, 1, 2, '2025-03-10 17:06:56', '2025-03-10 17:06:56'),
(543, 74, 2, 2, '2025-03-10 17:06:56', '2025-03-10 17:06:56'),
(544, 74, 3, 2, '2025-03-10 17:06:56', '2025-03-10 17:06:56'),
(545, 74, 4, 2, '2025-03-10 17:06:56', '2025-03-10 17:06:56'),
(546, 74, 5, 2, '2025-03-10 17:06:56', '2025-03-10 17:06:56'),
(547, 75, 1, 2, '2025-03-10 17:07:15', '2025-03-10 17:07:15'),
(548, 75, 2, 2, '2025-03-10 17:07:15', '2025-03-10 17:07:15'),
(549, 75, 3, 2, '2025-03-10 17:07:15', '2025-03-10 17:07:15'),
(550, 75, 4, 2, '2025-03-10 17:07:15', '2025-03-10 17:07:15'),
(551, 75, 5, 2, '2025-03-10 17:07:15', '2025-03-10 17:07:15'),
(552, 76, 1, 3, '2025-03-10 17:07:39', '2025-03-10 17:07:39'),
(553, 76, 2, 2, '2025-03-10 17:07:39', '2025-03-10 17:07:39'),
(554, 76, 3, 2, '2025-03-10 17:07:39', '2025-03-10 17:07:39'),
(555, 76, 4, 3, '2025-03-10 17:07:39', '2025-03-10 17:07:39'),
(556, 76, 5, 2, '2025-03-10 17:07:39', '2025-03-10 17:07:39'),
(557, 77, 1, 1, '2025-03-10 17:08:06', '2025-03-10 17:08:06'),
(558, 77, 2, 2, '2025-03-10 17:08:06', '2025-03-10 17:08:06'),
(559, 77, 3, 3, '2025-03-10 17:08:06', '2025-03-10 17:08:06'),
(560, 77, 4, 2, '2025-03-10 17:08:06', '2025-03-10 17:08:06'),
(561, 77, 5, 1, '2025-03-10 17:08:06', '2025-03-10 17:08:06'),
(562, 78, 1, 4, '2025-03-10 17:48:13', '2025-03-10 17:48:13'),
(563, 78, 2, 4, '2025-03-10 17:48:13', '2025-03-10 17:48:13'),
(564, 78, 3, 4, '2025-03-10 17:48:13', '2025-03-10 17:48:13'),
(565, 78, 4, 4, '2025-03-10 17:48:13', '2025-03-10 17:48:13'),
(566, 78, 5, 4, '2025-03-10 17:48:13', '2025-03-10 17:48:13'),
(567, 79, 1, 4, '2025-03-10 17:59:17', '2025-03-10 17:59:17'),
(568, 79, 2, 4, '2025-03-10 17:59:17', '2025-03-10 17:59:17'),
(569, 79, 3, 4, '2025-03-10 17:59:17', '2025-03-10 17:59:17'),
(570, 79, 4, 4, '2025-03-10 17:59:17', '2025-03-10 17:59:17'),
(571, 79, 5, 4, '2025-03-10 17:59:17', '2025-03-10 17:59:17'),
(572, 80, 1, 4, '2025-03-10 18:08:58', '2025-03-10 18:08:58'),
(573, 80, 2, 4, '2025-03-10 18:08:58', '2025-03-10 18:08:58'),
(574, 80, 3, 4, '2025-03-10 18:08:58', '2025-03-10 18:08:58'),
(575, 80, 4, 4, '2025-03-10 18:08:58', '2025-03-10 18:08:58'),
(576, 80, 5, 4, '2025-03-10 18:08:58', '2025-03-10 18:08:58'),
(577, 81, 1, 1, '2025-03-10 18:14:49', '2025-03-10 18:14:49'),
(578, 81, 2, 4, '2025-03-10 18:14:49', '2025-03-10 18:14:49'),
(579, 81, 3, 4, '2025-03-10 18:14:49', '2025-03-10 18:14:49'),
(580, 81, 4, 4, '2025-03-10 18:14:49', '2025-03-10 18:14:49'),
(581, 81, 5, 4, '2025-03-10 18:14:49', '2025-03-10 18:14:49'),
(582, 82, 1, 4, '2025-03-10 18:42:12', '2025-03-10 18:42:12'),
(583, 82, 2, 3, '2025-03-10 18:42:12', '2025-03-10 18:42:12'),
(584, 82, 3, 4, '2025-03-10 18:42:12', '2025-03-10 18:42:12'),
(585, 82, 4, 4, '2025-03-10 18:42:12', '2025-03-10 18:42:12'),
(586, 82, 5, 4, '2025-03-10 18:42:12', '2025-03-10 18:42:12'),
(587, 83, 6, 12, '2025-03-10 18:54:27', '2025-03-10 18:54:27'),
(588, 83, 7, 12, '2025-03-10 18:54:27', '2025-03-10 18:54:27'),
(589, 83, 8, 12, '2025-03-10 18:54:27', '2025-03-10 18:54:27'),
(590, 83, 9, 12, '2025-03-10 18:54:27', '2025-03-10 18:54:27'),
(591, 83, 10, 12, '2025-03-10 18:54:27', '2025-03-10 18:54:27'),
(592, 83, 11, 11, '2025-03-10 18:54:27', '2025-03-10 18:54:27'),
(593, 83, 12, 12, '2025-03-10 18:54:27', '2025-03-10 18:54:27'),
(594, 83, 13, 12, '2025-03-10 18:54:27', '2025-03-10 18:54:27'),
(595, 83, 14, 12, '2025-03-10 18:54:27', '2025-03-10 18:54:27'),
(596, 84, 1, 4, '2025-03-10 18:56:25', '2025-03-10 18:56:25'),
(597, 84, 2, 3, '2025-03-10 18:56:25', '2025-03-10 18:56:25'),
(598, 84, 3, 4, '2025-03-10 18:56:25', '2025-03-10 18:56:25'),
(599, 84, 4, 4, '2025-03-10 18:56:25', '2025-03-10 18:56:25'),
(600, 84, 5, 4, '2025-03-10 18:56:25', '2025-03-10 18:56:25'),
(601, 85, 6, 11, '2025-03-10 18:58:52', '2025-03-10 18:58:52'),
(602, 85, 7, 11, '2025-03-10 18:58:52', '2025-03-10 18:58:52'),
(603, 85, 8, 11, '2025-03-10 18:58:52', '2025-03-10 18:58:52'),
(604, 85, 9, 11, '2025-03-10 18:58:52', '2025-03-10 18:58:52'),
(605, 85, 10, 12, '2025-03-10 18:58:52', '2025-03-10 18:58:52'),
(606, 85, 11, 12, '2025-03-10 18:58:52', '2025-03-10 18:58:52'),
(607, 85, 12, 11, '2025-03-10 18:58:52', '2025-03-10 18:58:52'),
(608, 85, 13, 12, '2025-03-10 18:58:52', '2025-03-10 18:58:52'),
(609, 85, 14, 12, '2025-03-10 18:58:52', '2025-03-10 18:58:52'),
(610, 86, 1, 4, '2025-03-10 19:05:52', '2025-03-10 19:05:52'),
(611, 86, 2, 3, '2025-03-10 19:05:52', '2025-03-10 19:05:52'),
(612, 86, 3, 4, '2025-03-10 19:05:52', '2025-03-10 19:05:52'),
(613, 86, 4, 3, '2025-03-10 19:05:52', '2025-03-10 19:05:52'),
(614, 86, 5, 3, '2025-03-10 19:05:52', '2025-03-10 19:05:52'),
(615, 87, 1, 4, '2025-03-10 19:23:34', '2025-03-10 19:23:34'),
(616, 87, 2, 4, '2025-03-10 19:23:34', '2025-03-10 19:23:34'),
(617, 87, 3, 4, '2025-03-10 19:23:34', '2025-03-10 19:23:34'),
(618, 87, 4, 3, '2025-03-10 19:23:34', '2025-03-10 19:23:34'),
(619, 87, 5, 3, '2025-03-10 19:23:34', '2025-03-10 19:23:34'),
(620, 88, 1, 1, '2025-03-10 19:33:38', '2025-03-10 19:33:38'),
(621, 88, 2, 4, '2025-03-10 19:33:38', '2025-03-10 19:33:38'),
(622, 88, 3, 4, '2025-03-10 19:33:38', '2025-03-10 19:33:38'),
(623, 88, 4, 4, '2025-03-10 19:33:38', '2025-03-10 19:33:38'),
(624, 88, 5, 4, '2025-03-10 19:33:38', '2025-03-10 19:33:38'),
(625, 89, 1, 4, '2025-03-10 19:43:32', '2025-03-10 19:43:32'),
(626, 89, 2, 4, '2025-03-10 19:43:32', '2025-03-10 19:43:32'),
(627, 89, 3, 4, '2025-03-10 19:43:32', '2025-03-10 19:43:32'),
(628, 89, 4, 4, '2025-03-10 19:43:32', '2025-03-10 19:43:32'),
(629, 89, 5, 4, '2025-03-10 19:43:32', '2025-03-10 19:43:32'),
(630, 90, 6, 12, '2025-03-10 19:43:58', '2025-03-10 19:43:58'),
(631, 90, 7, 12, '2025-03-10 19:43:58', '2025-03-10 19:43:58'),
(632, 90, 8, 12, '2025-03-10 19:43:58', '2025-03-10 19:43:58'),
(633, 90, 9, 12, '2025-03-10 19:43:58', '2025-03-10 19:43:58'),
(634, 90, 10, 12, '2025-03-10 19:43:58', '2025-03-10 19:43:58'),
(635, 90, 11, 12, '2025-03-10 19:43:58', '2025-03-10 19:43:58'),
(636, 90, 12, 10, '2025-03-10 19:43:58', '2025-03-10 19:43:58'),
(637, 90, 13, 9, '2025-03-10 19:43:58', '2025-03-10 19:43:58'),
(638, 90, 14, 10, '2025-03-10 19:43:58', '2025-03-10 19:43:58'),
(639, 91, 15, 14, '2025-03-10 19:44:33', '2025-03-10 19:44:33'),
(640, 91, 16, 16, '2025-03-10 19:44:33', '2025-03-10 19:44:33'),
(641, 91, 17, 15, '2025-03-10 19:44:33', '2025-03-10 19:44:33'),
(642, 91, 18, 16, '2025-03-10 19:44:33', '2025-03-10 19:44:33'),
(643, 91, 19, 15, '2025-03-10 19:44:33', '2025-03-10 19:44:33'),
(644, 91, 20, 13, '2025-03-10 19:44:33', '2025-03-10 19:44:33'),
(645, 91, 21, 16, '2025-03-10 19:44:33', '2025-03-10 19:44:33'),
(646, 91, 22, 15, '2025-03-10 19:44:33', '2025-03-10 19:44:33'),
(647, 91, 23, 16, '2025-03-10 19:44:33', '2025-03-10 19:44:33'),
(648, 91, 24, 14, '2025-03-10 19:44:33', '2025-03-10 19:44:33'),
(649, 91, 25, 15, '2025-03-10 19:44:33', '2025-03-10 19:44:33'),
(650, 91, 26, 16, '2025-03-10 19:44:33', '2025-03-10 19:44:33'),
(651, 91, 27, 15, '2025-03-10 19:44:33', '2025-03-10 19:44:33'),
(652, 91, 28, 16, '2025-03-10 19:44:33', '2025-03-10 19:44:33'),
(653, 91, 29, 15, '2025-03-10 19:44:33', '2025-03-10 19:44:33'),
(654, 91, 30, 16, '2025-03-10 19:44:33', '2025-03-10 19:44:33'),
(655, 91, 31, 15, '2025-03-10 19:44:33', '2025-03-10 19:44:33'),
(656, 91, 32, 16, '2025-03-10 19:44:33', '2025-03-10 19:44:33'),
(657, 91, 33, 16, '2025-03-10 19:44:33', '2025-03-10 19:44:33'),
(658, 91, 34, 16, '2025-03-10 19:44:33', '2025-03-10 19:44:33'),
(659, 92, 1, 1, '2025-03-10 19:55:32', '2025-03-10 19:55:32'),
(660, 92, 2, 3, '2025-03-10 19:55:32', '2025-03-10 19:55:32'),
(661, 92, 3, 4, '2025-03-10 19:55:32', '2025-03-10 19:55:32'),
(662, 92, 4, 4, '2025-03-10 19:55:32', '2025-03-10 19:55:32'),
(663, 92, 5, 4, '2025-03-10 19:55:32', '2025-03-10 19:55:32'),
(664, 93, 1, 3, '2025-03-11 09:50:32', '2025-03-11 09:50:32'),
(665, 93, 2, 3, '2025-03-11 09:50:32', '2025-03-11 09:50:32'),
(666, 93, 3, 4, '2025-03-11 09:50:32', '2025-03-11 09:50:32'),
(667, 93, 4, 3, '2025-03-11 09:50:32', '2025-03-11 09:50:32'),
(668, 93, 5, 4, '2025-03-11 09:50:32', '2025-03-11 09:50:32'),
(669, 94, 6, 10, '2025-03-11 09:54:11', '2025-03-11 09:54:11'),
(670, 94, 7, 11, '2025-03-11 09:54:11', '2025-03-11 09:54:11'),
(671, 94, 8, 10, '2025-03-11 09:54:11', '2025-03-11 09:54:11'),
(672, 94, 9, 12, '2025-03-11 09:54:11', '2025-03-11 09:54:11'),
(673, 94, 10, 12, '2025-03-11 09:54:11', '2025-03-11 09:54:11'),
(674, 94, 11, 11, '2025-03-11 09:54:11', '2025-03-11 09:54:11'),
(675, 94, 12, 11, '2025-03-11 09:54:11', '2025-03-11 09:54:11'),
(676, 94, 13, 12, '2025-03-11 09:54:11', '2025-03-11 09:54:11'),
(677, 94, 14, 10, '2025-03-11 09:54:11', '2025-03-11 09:54:11');

-- --------------------------------------------------------

--
-- Table structure for table `role`
--

CREATE TABLE `role` (
  `id` int(11) NOT NULL,
  `role` varchar(255) NOT NULL,
  `createdAt` datetime NOT NULL,
  `updatedAt` datetime NOT NULL
) ENGINE=InnoDB DEFAULT CHARSET=utf8mb4 COLLATE=utf8mb4_general_ci;

--
-- Dumping data for table `role`
--

INSERT INTO `role` (`id`, `role`, `createdAt`, `updatedAt`) VALUES
(1, 'ผู้ดูแลระบบ', '2025-02-09 15:01:03', '2025-02-09 15:01:03'),
(2, 'นักจิตวิทยา', '2025-02-09 15:01:15', '2025-02-09 15:01:15');

-- --------------------------------------------------------

--
-- Table structure for table `save_data`
--

CREATE TABLE `save_data` (
  `id` int(11) NOT NULL,
  `interpre_level` varchar(255) NOT NULL,
  `interpre_color` varchar(255) NOT NULL,
  `score` int(11) DEFAULT NULL,
  `viewed` smallint(6) NOT NULL DEFAULT 0,
  `readed` smallint(6) NOT NULL DEFAULT 0,
  `formtype_id` int(11) DEFAULT NULL,
  `acc_id` int(11) DEFAULT NULL,
  `status_id` int(11) DEFAULT NULL,
  `createdAt` datetime NOT NULL,
  `updatedAt` datetime NOT NULL
) ENGINE=InnoDB DEFAULT CHARSET=utf8mb4 COLLATE=utf8mb4_general_ci;

--
-- Dumping data for table `save_data`
--

INSERT INTO `save_data` (`id`, `interpre_level`, `interpre_color`, `score`, `viewed`, `readed`, `formtype_id`, `acc_id`, `status_id`, `createdAt`, `updatedAt`) VALUES
(2, 'ซึมเศร้าระดับรุนแรง', '', 21, 1, 0, 2, 22, 1, '2025-01-30 06:34:06', '2025-01-30 06:34:06'),
(3, 'เครียดปานกลาง', 'Color(alpha: 1.0000, red: 1.0000, green: 0.6980, blue: 0.0000, colorSpace: ColorSpace.sRGB)', 5, 1, 0, 1, 22, 2, '2025-01-30 07:30:45', '2025-01-30 07:30:45'),
(4, 'เครียดปานกลาง', 'Color(alpha: 1.0000, red: 1.0000, green: 0.6980, blue: 0.0000, colorSpace: ColorSpace.sRGB)', 5, 0, 0, 1, 22, 2, '2025-01-30 07:31:57', '2025-01-30 07:31:57'),
(5, 'เครียดมากที่สุด', 'Color(alpha: 1.0000, red: 0.9686, green: 0.1725, blue: 0.3569, colorSpace: ColorSpace.sRGB)', 15, 1, 0, 1, 22, 1, '2025-01-30 07:37:52', '2025-01-30 07:37:52'),
(6, 'เครียดน้อย', 'Color(alpha: 1.0000, red: 0.0863, green: 0.7686, blue: 0.4980, colorSpace: ColorSpace.sRGB)', 3, 0, 0, 1, 22, 1, '2025-02-02 07:11:30', '2025-02-02 07:11:30'),
(7, 'เครียดมาก', 'Color(alpha: 1.0000, red: 0.9804, green: 0.5059, blue: 0.1843, colorSpace: ColorSpace.sRGB)', 9, 0, 0, 1, 22, 2, '2025-02-02 07:28:44', '2025-02-02 07:28:44'),
(8, 'เครียดมากที่สุด', 'Color(alpha: 1.0000, red: 0.9686, green: 0.1725, blue: 0.3569, colorSpace: ColorSpace.sRGB)', 10, 1, 0, 1, 22, 1, '2025-02-05 06:49:47', '2025-02-05 06:49:47'),
(9, 'เครียดน้อย', 'Color(alpha: 1.0000, red: 0.0863, green: 0.7686, blue: 0.4980, colorSpace: ColorSpace.sRGB)', 4, 1, 0, 1, 22, 1, '2025-02-05 08:52:07', '2025-02-05 08:52:07'),
(10, 'เครียดน้อย', 'Color(alpha: 1.0000, red: 0.0863, green: 0.7686, blue: 0.4980, colorSpace: ColorSpace.sRGB)', 3, 0, 0, 1, 22, 1, '2025-02-05 09:40:48', '2025-02-05 09:40:48'),
(11, 'ซึมเศร้าระดับน้อยมาก', 'Color(alpha: 1.0000, red: 0.0863, green: 0.7686, blue: 0.4980, colorSpace: ColorSpace.sRGB)', 5, 0, 0, 2, 22, 1, '2025-02-06 10:05:26', '2025-02-06 10:05:26'),
(12, 'เครียดปานกลาง', 'Color(alpha: 1.0000, red: 1.0000, green: 0.6980, blue: 0.0000, colorSpace: ColorSpace.sRGB)', 5, 0, 0, 1, 22, 1, '2025-02-07 16:59:07', '2025-02-07 16:59:07'),
(13, 'เครียดมากที่สุด', 'Color(alpha: 1.0000, red: 0.9686, green: 0.1725, blue: 0.3569, colorSpace: ColorSpace.sRGB)', 15, 1, 0, 1, 22, 1, '2025-02-07 18:05:37', '2025-02-07 18:05:37'),
(14, 'เครียดมากที่สุด', 'Color(alpha: 1.0000, red: 0.9686, green: 0.1725, blue: 0.3569, colorSpace: ColorSpace.sRGB)', 15, 1, 0, 1, 22, 1, '2025-02-13 07:02:25', '2025-02-13 07:02:25'),
(15, 'เครียดมากที่สุด', 'Color(alpha: 1.0000, red: 0.9686, green: 0.1725, blue: 0.3569, colorSpace: ColorSpace.sRGB)', 15, 1, 0, 1, 22, 1, '2025-02-13 09:40:49', '2025-02-13 09:40:49'),
(16, 'เครียดมากที่สุด', 'Color(alpha: 1.0000, red: 0.9686, green: 0.1725, blue: 0.3569, colorSpace: ColorSpace.sRGB)', 14, 1, 0, 1, 22, 1, '2025-02-13 09:53:24', '2025-02-13 09:53:24'),
(17, 'เครียดมากที่สุด', 'Color(alpha: 1.0000, red: 0.9686, green: 0.1725, blue: 0.3569, colorSpace: ColorSpace.sRGB)', 13, 1, 0, 1, 22, 1, '2025-02-14 07:42:09', '2025-02-14 07:42:09'),
(18, 'ซึมเศร้าระดับรุนแรง', 'Color(alpha: 1.0000, red: 0.9686, green: 0.1725, blue: 0.3569, colorSpace: ColorSpace.sRGB)', 24, 1, 0, 2, 22, 1, '2025-02-14 09:45:09', '2025-02-14 09:45:09'),
(19, 'เครียดน้อย', 'Color(alpha: 1.0000, red: 0.0863, green: 0.7686, blue: 0.4980, colorSpace: ColorSpace.sRGB)', 0, 1, 0, 1, 27, 1, '2025-02-15 06:30:13', '2025-02-15 06:30:13'),
(20, 'เครียดมากที่สุด', 'Color(alpha: 1.0000, red: 0.9686, green: 0.1725, blue: 0.3569, colorSpace: ColorSpace.sRGB)', 15, 1, 0, 1, 27, 1, '2025-02-15 06:30:29', '2025-02-15 06:30:29'),
(21, 'เครียดปานกลาง', 'Color(alpha: 1.0000, red: 1.0000, green: 0.6980, blue: 0.0000, colorSpace: ColorSpace.sRGB)', 6, 1, 0, 1, 27, 1, '2025-02-15 06:40:33', '2025-02-15 06:40:33'),
(22, 'ซึมเศร้าระดับน้อย', 'Color(alpha: 1.0000, red: 0.3294, green: 0.7647, blue: 0.5725, colorSpace: ColorSpace.sRGB)', 9, 1, 0, 2, 27, 2, '2025-02-15 06:41:47', '2025-02-15 06:41:47'),
(23, 'ซึมเศร้าระดับรุนแรง', 'Color(alpha: 1.0000, red: 0.9686, green: 0.1725, blue: 0.3569, colorSpace: ColorSpace.sRGB)', 27, 1, 0, 2, 27, 3, '2025-02-15 06:42:10', '2025-02-15 06:42:10'),
(24, 'เครียดปานกลาง', 'Color(alpha: 1.0000, red: 1.0000, green: 0.6980, blue: 0.0000, colorSpace: ColorSpace.sRGB)', 7, 0, 0, 1, 28, 1, '2025-02-15 07:11:15', '2025-02-15 07:11:15'),
(25, 'เครียดมากที่สุด', 'Color(alpha: 1.0000, red: 0.9686, green: 0.1725, blue: 0.3569, colorSpace: ColorSpace.sRGB)', 13, 1, 0, 1, 28, 1, '2025-02-15 07:18:57', '2025-02-15 07:18:57'),
(26, 'เครียดน้อย', 'Color(alpha: 1.0000, red: 0.0863, green: 0.7686, blue: 0.4980, colorSpace: ColorSpace.sRGB)', 3, 1, 0, 1, 28, 1, '2025-02-15 07:19:16', '2025-02-15 07:19:16'),
(27, 'เครียดมากที่สุด', 'Color(alpha: 1.0000, red: 0.9686, green: 0.1725, blue: 0.3569, colorSpace: ColorSpace.sRGB)', 15, 1, 0, 1, 28, 1, '2025-02-15 07:19:29', '2025-02-15 07:19:29'),
(28, 'เครียดปานกลาง', 'Color(alpha: 1.0000, red: 1.0000, green: 0.6980, blue: 0.0000, colorSpace: ColorSpace.sRGB)', 7, 1, 0, 1, 28, 1, '2025-02-15 07:20:08', '2025-02-15 07:20:08'),
(29, 'เครียดมาก', 'Color(alpha: 1.0000, red: 0.9804, green: 0.5059, blue: 0.1843, colorSpace: ColorSpace.sRGB)', 9, 0, 0, 1, 28, 1, '2025-02-15 07:20:23', '2025-02-15 07:20:23'),
(30, 'ซึมเศร้าระดับรุนแรง', 'Color(alpha: 1.0000, red: 0.9686, green: 0.1725, blue: 0.3569, colorSpace: ColorSpace.sRGB)', 23, 1, 0, 2, 28, 1, '2025-02-15 07:24:02', '2025-02-15 07:24:02'),
(31, 'ซึมเศร้าระดับน้อย', 'Color(alpha: 1.0000, red: 0.3294, green: 0.7647, blue: 0.5725, colorSpace: ColorSpace.sRGB)', 7, 0, 0, 2, 28, 1, '2025-02-15 07:26:03', '2025-02-15 07:26:03'),
(32, 'พลังสุขภาพจิตระดับต่ำ', 'Color(alpha: 1.0000, red: 0.3412, green: 0.4824, blue: 0.5529, colorSpace: ColorSpace.sRGB)', 44, 1, 0, 3, 28, 1, '2025-02-15 07:27:52', '2025-02-15 07:27:52'),
(34, 'ซึมเศร้าระดับน้อยมาก', 'Color(alpha: 1.0000, red: 0.0863, green: 0.7686, blue: 0.4980, colorSpace: ColorSpace.sRGB)', 3, 0, 0, 2, 28, 1, '2025-02-15 08:07:05', '2025-02-15 08:07:05'),
(35, 'ซึมเศร้าระดับน้อยมาก', 'Instance of \'Color\'', 5, 1, 0, 2, 22, 1, '2025-02-16 09:09:53', '2025-02-16 09:09:53'),
(36, 'พลังสุขภาพจิตระดับปกติ', 'Instance of \'Color\'', 59, 1, 0, 3, 22, 1, '2025-02-16 09:16:10', '2025-02-16 09:16:10'),
(37, 'เครียดมากที่สุด', 'Color(alpha: 1.0000, red: 0.9686, green: 0.1725, blue: 0.3569, colorSpace: ColorSpace.sRGB)', 15, 1, 0, 1, 28, 1, '2025-02-17 15:50:44', '2025-02-17 15:50:44'),
(38, 'ซึมเศร้าระดับรุนแรง', 'Color(alpha: 1.0000, red: 0.9686, green: 0.1725, blue: 0.3569, colorSpace: ColorSpace.sRGB)', 27, 1, 0, 2, 28, 1, '2025-02-17 16:21:41', '2025-02-17 16:21:41'),
(39, 'เครียดมากที่สุด', 'Instance of \'Color\'', 15, 1, 0, 1, 30, 1, '2025-02-18 04:34:24', '2025-02-18 04:34:24'),
(40, 'เครียดมากที่สุด', 'Instance of \'Color\'', 10, 1, 0, 1, 31, 1, '2025-02-18 04:43:59', '2025-02-18 04:43:59'),
(43, 'เครียดมากที่สุด', 'Instance of \'Color\'', 15, 1, 1, 1, 28, 1, '2025-02-23 11:06:25', '2025-02-23 11:07:16'),
(44, 'เครียดมากที่สุด', 'Instance of \'Color\'', 15, 1, 1, 1, 28, 1, '2025-02-23 11:09:57', '2025-02-27 04:00:18'),
(45, 'เครียดมากที่สุด', 'Instance of \'Color\'', 15, 1, 1, 1, 28, 1, '2025-02-23 11:12:57', '2025-02-27 04:00:18'),
(46, 'เครียดมากที่สุด', 'Instance of \'Color\'', 15, 1, 1, 1, 28, 1, '2025-02-23 11:16:19', '2025-02-27 04:00:18'),
(47, 'พลังสุขภาพจิตระดับต่ำ', 'Instance of \'Color\'', 51, 1, 1, 3, 32, 2, '2025-02-27 04:18:30', '2025-02-27 04:22:58'),
(48, '', '5', 11, 0, 0, 3, 33, 1, '2024-03-30 13:46:38', '2025-03-08 07:46:38'),
(51, 'พลังสุขภาพจิตระดับปกติ', 'Instance of \'Color\'', 60, 0, 0, 3, 34, 1, '2025-03-08 07:42:46', '2025-03-08 07:42:46'),
(52, 'เครียดน้อย', 'Color(alpha: 1.0000, red: 0.0863, green: 0.7686, blue: 0.4980, colorSpace: ColorSpace.sRGB)', 3, 0, 0, 1, 35, 1, '2025-03-08 08:07:00', '2025-03-08 08:07:00'),
(53, 'ซึมเศร้าระดับรุนแรง', 'Color(alpha: 1.0000, red: 0.9686, green: 0.1725, blue: 0.3569, colorSpace: ColorSpace.sRGB)', 24, 0, 2, 2, 35, 1, '2025-03-08 08:09:49', '2025-03-08 08:09:49'),
(54, 'พลังสุขภาพจิตระดับปกติ', 'Instance of \'Color\'', 57, 0, 0, 3, 36, 1, '2025-03-08 09:08:18', '2025-03-08 09:08:18'),
(55, 'พลังสุขภาพจิตระดับต่ำ', 'Instance of \'Color\'', 52, 1, 1, 3, 37, 1, '2025-03-08 09:24:39', '2025-03-08 09:25:04'),
(56, 'ซึมเศร้าระดับน้อย', 'Instance of \'Color\'', 9, 0, 0, 2, 34, 1, '2025-03-10 08:19:39', '2025-03-10 08:19:39'),
(57, 'ซึมเศร้าระดับปานกลาง', 'Instance of \'Color\'', 17, 0, 1, 2, 39, 1, '2025-03-10 08:39:07', '2025-03-10 08:40:28'),
(58, 'เครียดมากที่สุด', 'Instance of \'Color\'', 10, 0, 1, 1, 39, 1, '2025-03-10 08:39:58', '2025-03-10 08:40:28'),
(59, 'เครียดมากที่สุด', 'Instance of \'Color\'', 12, 0, 1, 1, 28, 1, '2025-03-10 08:56:30', '2025-03-10 08:56:37'),
(60, 'พลังสุขภาพจิตระดับปกติ', 'Instance of \'Color\'', 64, 0, 0, 3, 28, 1, '2025-03-10 11:37:46', '2025-03-10 11:37:46'),
(61, 'พลังสุขภาพจิตระดับต่ำ', 'Instance of \'Color\'', 23, 0, 1, 3, 28, 1, '2025-03-10 11:38:09', '2025-03-10 11:38:23'),
(62, 'เครียดน้อย', 'Instance of \'Color\'', 1, 1, 0, 1, 28, 1, '2025-03-10 11:39:37', '2025-03-10 11:39:37'),
(64, 'ซึมเศร้าระดับปานกลาง', 'Instance of \'Color\'', 15, 0, 1, 2, 34, 1, '2025-03-10 12:15:55', '2025-03-10 17:01:48'),
(65, 'ซึมเศร้าระดับปานกลาง', 'Instance of \'Color\'', 15, 0, 1, 2, 34, 1, '2025-03-10 12:16:38', '2025-03-10 17:01:48'),
(66, 'เครียดมากที่สุด', 'Instance of \'Color\'', 10, 0, 1, 1, 34, 1, '2025-03-10 14:54:48', '2025-03-10 17:01:48'),
(67, 'เครียดปานกลาง', '0xffFFB200', 5, 0, 0, 1, 28, 1, '2025-03-10 15:16:21', '2025-03-10 15:16:21'),
(68, 'เครียดมากที่สุด', '0xffF72C5B', 15, 0, 1, 1, 28, 1, '2025-03-10 15:17:19', '2025-03-10 19:04:48'),
(69, 'เครียดมากที่สุด', '0xffF72C5B', 15, 0, 1, 1, 28, 1, '2025-03-10 15:43:26', '2025-03-10 19:04:48'),
(70, 'เครียดมากที่สุด', '0xffF72C5B', 15, 0, 1, 1, 28, 1, '2025-03-10 16:30:23', '2025-03-10 19:04:48'),
(71, 'เครียดมากที่สุด', '0xffF72C5B', 15, 0, 1, 1, 28, 1, '2025-03-10 16:45:34', '2025-03-10 19:04:48'),
(72, 'เครียดน้อย', '0xff16C47F', 1, 0, 0, 1, 28, 1, '2025-03-10 16:47:24', '2025-03-10 16:47:24'),
(73, 'เครียดน้อย', '0xff16C47F', 0, 0, 0, 1, 34, 1, '2025-03-10 17:02:19', '2025-03-10 17:02:19'),
(74, 'เครียดปานกลาง', '0xffFFB200', 5, 0, 0, 1, 27, 1, '2025-03-10 17:06:56', '2025-03-10 17:06:56'),
(75, 'เครียดปานกลาง', '0xffFFB200', 5, 0, 0, 1, 27, 1, '2025-03-10 17:07:15', '2025-03-10 17:07:15'),
(76, 'เครียดปานกลาง', '0xffFFB200', 7, 0, 0, 1, 27, 1, '2025-03-10 17:07:39', '2025-03-10 17:07:39'),
(77, 'เครียดน้อย', '0xff16C47F', 4, 0, 0, 1, 27, 1, '2025-03-10 17:08:06', '2025-03-10 17:08:06'),
(78, 'เครียดมากที่สุด', '0xffF72C5B', 15, 0, 1, 1, 28, 1, '2025-03-10 17:48:13', '2025-03-10 19:04:48'),
(79, 'เครียดมากที่สุด', '0xffF72C5B', 15, 0, 2, 1, 27, 1, '2025-03-10 17:59:17', '2025-03-10 17:59:17'),
(80, 'เครียดมากที่สุด', '0xffF72C5B', 15, 0, 1, 1, 28, 1, '2025-03-10 18:08:58', '2025-03-10 19:04:48'),
(81, 'เครียดมากที่สุด', '0xffF72C5B', 12, 0, 1, 1, 34, 1, '2025-03-10 18:14:49', '2025-03-10 18:14:53'),
(82, 'เครียดมากที่สุด', '0xffF72C5B', 14, 0, 1, 1, 28, 1, '2025-03-10 18:42:12', '2025-03-10 19:04:48'),
(83, 'ซึมเศร้าระดับรุนแรง', '0xffF72C5B', 26, 0, 1, 2, 28, 1, '2025-03-10 18:54:27', '2025-03-10 19:04:48'),
(84, 'เครียดมากที่สุด', '0xffF72C5B', 14, 0, 1, 1, 28, 1, '2025-03-10 18:56:25', '2025-03-10 19:04:48'),
(85, 'ซึมเศร้าระดับรุนแรง', '0xffF72C5B', 22, 0, 1, 2, 28, 1, '2025-03-10 18:58:52', '2025-03-10 19:04:48'),
(86, 'เครียดมากที่สุด', '0xffF72C5B', 12, 0, 1, 1, 28, 1, '2025-03-10 19:05:52', '2025-03-10 19:06:13'),
(87, 'เครียดมากที่สุด', '0xffF72C5B', 13, 0, 1, 1, 28, 1, '2025-03-10 19:23:34', '2025-03-10 19:23:54'),
(88, 'เครียดมากที่สุด', '0xffF72C5B', 12, 0, 1, 1, 34, 1, '2025-03-10 19:33:38', '2025-03-10 19:34:10'),
(89, 'เครียดมากที่สุด', '0xffF72C5B', 15, 1, 1, 1, 34, 1, '2025-03-10 19:43:32', '2025-03-10 19:44:37'),
(90, 'ซึมเศร้าระดับรุนแรง', '0xffF72C5B', 20, 1, 1, 2, 34, 1, '2025-03-10 19:43:58', '2025-03-10 19:44:37'),
(91, 'พลังสุขภาพจิตระดับปกติ', '0xff16C47F', 58, 0, 0, 3, 34, 1, '2025-03-10 19:44:33', '2025-03-10 19:44:33'),
(92, 'เครียดมากที่สุด', '0xffF72C5B', 11, 1, 1, 1, 28, 1, '2025-03-10 19:55:32', '2025-03-10 19:55:41'),
(93, 'เครียดมากที่สุด', '0xffF72C5B', 12, 1, 1, 1, 34, 1, '2025-03-11 09:50:32', '2025-03-11 09:53:14'),
(94, 'ซึมเศร้าระดับปานกลาง', '0xffFFB200', 18, 0, 1, 2, 34, 1, '2025-03-11 09:54:11', '2025-03-11 09:56:07');

-- --------------------------------------------------------

--
-- Table structure for table `status_user`
--

CREATE TABLE `status_user` (
  `id` int(11) NOT NULL,
  `status` varchar(255) NOT NULL,
  `statusEng` varchar(255) DEFAULT NULL,
  `createdAt` datetime NOT NULL,
  `updatedAt` datetime NOT NULL
) ENGINE=InnoDB DEFAULT CHARSET=utf8mb4 COLLATE=utf8mb4_general_ci;

--
-- Dumping data for table `status_user`
--

INSERT INTO `status_user` (`id`, `status`, `statusEng`, `createdAt`, `updatedAt`) VALUES
(1, 'นักศึกษา', 'Student', '2024-12-22 10:35:45', '2024-12-22 10:35:45'),
(2, 'บุคลากร', 'Personnel', '2024-12-22 10:35:45', '2024-12-22 10:35:45'),
(3, 'ศิษย์เก่า', 'Alumni', '2024-12-22 10:35:45', '2024-12-22 10:35:45');

--
-- Indexes for dumped tables
--

--
-- Indexes for table `acc_user`
--
ALTER TABLE `acc_user`
  ADD PRIMARY KEY (`id`),
  ADD UNIQUE KEY `email` (`email`);

--
-- Indexes for table `basic_worry`
--
ALTER TABLE `basic_worry`
  ADD PRIMARY KEY (`id`),
  ADD UNIQUE KEY `nameWorry` (`nameWorry`),
  ADD UNIQUE KEY `nameWorry_2` (`nameWorry`),
  ADD UNIQUE KEY `nameWorry_3` (`nameWorry`),
  ADD UNIQUE KEY `nameWorry_4` (`nameWorry`),
  ADD UNIQUE KEY `nameWorryEng` (`nameWorryEng`),
  ADD UNIQUE KEY `nameWorryEng_2` (`nameWorryEng`),
  ADD UNIQUE KEY `nameWorryEng_3` (`nameWorryEng`),
  ADD UNIQUE KEY `nameWorryEng_4` (`nameWorryEng`);

--
-- Indexes for table `conern_fac_map`
--
ALTER TABLE `conern_fac_map`
  ADD PRIMARY KEY (`id`),
  ADD KEY `match_id` (`match_id`),
  ADD KEY `save_data_id` (`save_data_id`);

--
-- Indexes for table `faculties`
--
ALTER TABLE `faculties`
  ADD PRIMARY KEY (`id`),
  ADD UNIQUE KEY `faculties` (`faculties`),
  ADD UNIQUE KEY `faculties_2` (`faculties`),
  ADD UNIQUE KEY `faculties_3` (`faculties`),
  ADD UNIQUE KEY `faculties_4` (`faculties`),
  ADD UNIQUE KEY `faculties_5` (`faculties`),
  ADD UNIQUE KEY `phone` (`phone`),
  ADD UNIQUE KEY `phone_2` (`phone`),
  ADD UNIQUE KEY `phone_3` (`phone`),
  ADD UNIQUE KEY `phone_4` (`phone`),
  ADD UNIQUE KEY `phone_5` (`phone`);

--
-- Indexes for table `form_type`
--
ALTER TABLE `form_type`
  ADD PRIMARY KEY (`id`),
  ADD UNIQUE KEY `nameType` (`nameType`),
  ADD UNIQUE KEY `nameType_2` (`nameType`),
  ADD UNIQUE KEY `nameType_3` (`nameType`),
  ADD UNIQUE KEY `nameType_4` (`nameType`),
  ADD UNIQUE KEY `nameType_5` (`nameType`),
  ADD UNIQUE KEY `nameTypeEng` (`nameTypeEng`),
  ADD UNIQUE KEY `nameTypeEng_2` (`nameTypeEng`),
  ADD UNIQUE KEY `nameTypeEng_3` (`nameTypeEng`),
  ADD UNIQUE KEY `nameTypeEng_4` (`nameTypeEng`),
  ADD UNIQUE KEY `nameTypeEng_5` (`nameTypeEng`);

--
-- Indexes for table `guidance`
--
ALTER TABLE `guidance`
  ADD PRIMARY KEY (`id`),
  ADD UNIQUE KEY `guidance` (`guidance`),
  ADD UNIQUE KEY `guidance_2` (`guidance`),
  ADD UNIQUE KEY `guidance_3` (`guidance`),
  ADD UNIQUE KEY `guidance_4` (`guidance`),
  ADD UNIQUE KEY `guidance_5` (`guidance`),
  ADD KEY `formtype_id` (`formtype_id`);

--
-- Indexes for table `interpre`
--
ALTER TABLE `interpre`
  ADD PRIMARY KEY (`id`),
  ADD UNIQUE KEY `nameInterpre` (`nameInterpre`),
  ADD UNIQUE KEY `nameInterpre_2` (`nameInterpre`),
  ADD UNIQUE KEY `nameInterpre_3` (`nameInterpre`),
  ADD UNIQUE KEY `nameInterpre_4` (`nameInterpre`),
  ADD UNIQUE KEY `nameInterpre_5` (`nameInterpre`),
  ADD KEY `formtype_id` (`formtype_id`);

--
-- Indexes for table `manageadmin`
--
ALTER TABLE `manageadmin`
  ADD PRIMARY KEY (`id`),
  ADD KEY `role_id` (`role_id`);

--
-- Indexes for table `match_worry_fac`
--
ALTER TABLE `match_worry_fac`
  ADD PRIMARY KEY (`id`),
  ADD KEY `basic_worry_id` (`basic_worry_id`),
  ADD KEY `faculties_id` (`faculties_id`);

--
-- Indexes for table `meetings`
--
ALTER TABLE `meetings`
  ADD PRIMARY KEY (`id`),
  ADD KEY `acc_id` (`acc_id`);

--
-- Indexes for table `option`
--
ALTER TABLE `option`
  ADD PRIMARY KEY (`id`),
  ADD UNIQUE KEY `option_name` (`option_name`),
  ADD UNIQUE KEY `option_name_2` (`option_name`),
  ADD KEY `formtype_id` (`formtype_id`);

--
-- Indexes for table `question`
--
ALTER TABLE `question`
  ADD PRIMARY KEY (`id`),
  ADD UNIQUE KEY `question` (`question`),
  ADD UNIQUE KEY `question_2` (`question`),
  ADD KEY `formtype_id` (`formtype_id`);

--
-- Indexes for table `question_select`
--
ALTER TABLE `question_select`
  ADD PRIMARY KEY (`id`),
  ADD KEY `save_data_id` (`save_data_id`),
  ADD KEY `queston_id` (`queston_id`),
  ADD KEY `option_id` (`option_id`);

--
-- Indexes for table `role`
--
ALTER TABLE `role`
  ADD PRIMARY KEY (`id`);

--
-- Indexes for table `save_data`
--
ALTER TABLE `save_data`
  ADD PRIMARY KEY (`id`),
  ADD KEY `formtype_id` (`formtype_id`),
  ADD KEY `acc_id` (`acc_id`),
  ADD KEY `status_id` (`status_id`);

--
-- Indexes for table `status_user`
--
ALTER TABLE `status_user`
  ADD PRIMARY KEY (`id`),
  ADD UNIQUE KEY `status` (`status`),
  ADD UNIQUE KEY `statusEng` (`statusEng`);

--
-- AUTO_INCREMENT for dumped tables
--

--
-- AUTO_INCREMENT for table `acc_user`
--
ALTER TABLE `acc_user`
  MODIFY `id` int(11) NOT NULL AUTO_INCREMENT, AUTO_INCREMENT=41;

--
-- AUTO_INCREMENT for table `basic_worry`
--
ALTER TABLE `basic_worry`
  MODIFY `id` int(11) NOT NULL AUTO_INCREMENT, AUTO_INCREMENT=9;

--
-- AUTO_INCREMENT for table `conern_fac_map`
--
ALTER TABLE `conern_fac_map`
  MODIFY `id` int(11) NOT NULL AUTO_INCREMENT, AUTO_INCREMENT=136;

--
-- AUTO_INCREMENT for table `faculties`
--
ALTER TABLE `faculties`
  MODIFY `id` int(11) NOT NULL AUTO_INCREMENT, AUTO_INCREMENT=8;

--
-- AUTO_INCREMENT for table `form_type`
--
ALTER TABLE `form_type`
  MODIFY `id` int(11) NOT NULL AUTO_INCREMENT, AUTO_INCREMENT=19;

--
-- AUTO_INCREMENT for table `guidance`
--
ALTER TABLE `guidance`
  MODIFY `id` int(11) NOT NULL AUTO_INCREMENT, AUTO_INCREMENT=19;

--
-- AUTO_INCREMENT for table `interpre`
--
ALTER TABLE `interpre`
  MODIFY `id` int(11) NOT NULL AUTO_INCREMENT, AUTO_INCREMENT=23;

--
-- AUTO_INCREMENT for table `manageadmin`
--
ALTER TABLE `manageadmin`
  MODIFY `id` int(11) NOT NULL AUTO_INCREMENT, AUTO_INCREMENT=37;

--
-- AUTO_INCREMENT for table `match_worry_fac`
--
ALTER TABLE `match_worry_fac`
  MODIFY `id` int(11) NOT NULL AUTO_INCREMENT, AUTO_INCREMENT=28;

--
-- AUTO_INCREMENT for table `meetings`
--
ALTER TABLE `meetings`
  MODIFY `id` int(11) NOT NULL AUTO_INCREMENT, AUTO_INCREMENT=26;

--
-- AUTO_INCREMENT for table `option`
--
ALTER TABLE `option`
  MODIFY `id` int(11) NOT NULL AUTO_INCREMENT, AUTO_INCREMENT=20;

--
-- AUTO_INCREMENT for table `question`
--
ALTER TABLE `question`
  MODIFY `id` int(11) NOT NULL AUTO_INCREMENT, AUTO_INCREMENT=39;

--
-- AUTO_INCREMENT for table `question_select`
--
ALTER TABLE `question_select`
  MODIFY `id` int(11) NOT NULL AUTO_INCREMENT, AUTO_INCREMENT=678;

--
-- AUTO_INCREMENT for table `role`
--
ALTER TABLE `role`
  MODIFY `id` int(11) NOT NULL AUTO_INCREMENT, AUTO_INCREMENT=3;

--
-- AUTO_INCREMENT for table `save_data`
--
ALTER TABLE `save_data`
  MODIFY `id` int(11) NOT NULL AUTO_INCREMENT, AUTO_INCREMENT=95;

--
-- AUTO_INCREMENT for table `status_user`
--
ALTER TABLE `status_user`
  MODIFY `id` int(11) NOT NULL AUTO_INCREMENT, AUTO_INCREMENT=4;

--
-- Constraints for dumped tables
--

--
-- Constraints for table `guidance`
--
ALTER TABLE `guidance`
  ADD CONSTRAINT `guidance_ibfk_1` FOREIGN KEY (`formtype_id`) REFERENCES `form_type` (`id`) ON DELETE CASCADE ON UPDATE CASCADE;

--
-- Constraints for table `interpre`
--
ALTER TABLE `interpre`
  ADD CONSTRAINT `interpre_ibfk_1` FOREIGN KEY (`formtype_id`) REFERENCES `form_type` (`id`) ON DELETE CASCADE ON UPDATE CASCADE;

--
-- Constraints for table `manageadmin`
--
ALTER TABLE `manageadmin`
  ADD CONSTRAINT `manageadmin_ibfk_1` FOREIGN KEY (`role_id`) REFERENCES `role` (`id`) ON DELETE NO ACTION ON UPDATE CASCADE;

--
-- Constraints for table `meetings`
--
ALTER TABLE `meetings`
  ADD CONSTRAINT `meetings_ibfk_1` FOREIGN KEY (`acc_id`) REFERENCES `acc_user` (`id`) ON DELETE CASCADE ON UPDATE CASCADE;

--
-- Constraints for table `save_data`
--
ALTER TABLE `save_data`
  ADD CONSTRAINT `save_data_ibfk_1` FOREIGN KEY (`formtype_id`) REFERENCES `form_type` (`id`) ON DELETE CASCADE ON UPDATE CASCADE,
  ADD CONSTRAINT `save_data_ibfk_2` FOREIGN KEY (`acc_id`) REFERENCES `acc_user` (`id`) ON DELETE CASCADE ON UPDATE CASCADE,
  ADD CONSTRAINT `save_data_ibfk_3` FOREIGN KEY (`status_id`) REFERENCES `status_user` (`id`) ON DELETE NO ACTION ON UPDATE CASCADE;
COMMIT;

/*!40101 SET CHARACTER_SET_CLIENT=@OLD_CHARACTER_SET_CLIENT */;
/*!40101 SET CHARACTER_SET_RESULTS=@OLD_CHARACTER_SET_RESULTS */;
/*!40101 SET COLLATION_CONNECTION=@OLD_COLLATION_CONNECTION */;
